representation_id,representation_name,n_decisions,k,R_k,MAE_days,MAE_baseline_days,MAE_reduction_vs_baseline_pct,global_variance,mean_local_variance
legalbr,LegalBR,1942,3,0.5958657369821371,125.12547202197048,122.01390319258496,-2.5501756340621906,28978.077077948456,17267.04325437693
legalbr,LegalBR,1942,5,0.7003257013165807,117.15777548918642,122.01390319258496,3.9799789829964682,28978.077077948456,20294.092152420188
legalbr,LegalBR,1942,10,0.8233998606969486,113.24866117404737,122.01390319258496,7.183805934560317,28978.077077948456,23860.544629248197
legalbr,LegalBR,1942,20,0.8872130584429269,111.04291967044283,122.01390319258496,8.991584758030147,28978.077077948456,25709.728392121524
legalbr,LegalBR,1942,30,0.9096000693992257,110.65499485066941,122.01390319258496,9.309519689724876,28978.077077948456,26358.460921158025
legalbr,LegalBR,1942,50,0.9461335780856892,111.55222451081359,122.01390319258496,8.574169343028737,28978.077077948456,27417.131751802262
legalbr,LegalBR,1942,70,0.9524755599231466,112.14626305723114,122.01390319258496,8.087307984712922,28978.077077948456,27600.910190315055
legalbr,LegalBR,1942,100,0.9709958332931802,112.56162203913492,122.01390319258496,7.746888597220513,28978.077077948456,28137.59209953656
legalbr,LegalBR,1942,120,0.9775988215100523,113.11784243048403,122.01390319258496,7.291022194462149,28978.077077948456,28328.934001029866
legalbr,LegalBR,1942,150,0.9861339817860062,113.86100926879506,122.01390319258496,6.681938459850345,28978.077077948456,28576.266533379105
e5_base,E5 Base,1942,3,0.6634011597777805,133.3005492619293,122.01390319258496,-9.250295068037984,28978.077077948456,19224.08994164092
e5_base,E5 Base,1942,5,0.8232831477637277,128.8467559217302,122.01390319258496,-5.600060772058368,28978.077077948456,23857.162512873325
e5_base,E5 Base,1942,10,0.9794848392292852,121.08578784757981,122.01390319258496,0.7606635971150189,28978.077077948456,28383.587167868176
e5_base,E5 Base,1942,20,1.078482325692506,119.79276519052524,122.01390319258496,1.8203974661427758,28978.077077948456,31252.34396112255
e5_base,E5 Base,1942,30,1.1044456601465147,118.00024030209407,122.01390319258496,3.2895127403274604,28978.077077948456,32004.71146813136
e5_base,E5 Base,1942,50,1.1262689762375382,117.73127703398558,122.01390319258496,3.509949314415217,28978.077077948456,32637.109203913493
e5_base,E5 Base,1942,70,1.1333066269537102,117.57724731499192,122.01390319258496,3.6361887961163686,28978.077077948456,32841.04678881439
e5_base,E5 Base,1942,100,1.1333018569377702,118.30406797116375,122.01390319258496,3.040502044726545,28978.077077948456,32840.90856292482
e5_base,E5 Base,1942,120,1.1321544281223164,118.71705286646069,122.01390319258496,2.7020284081237578,28978.077077948456,32807.658282269134
e5_base,E5 Base,1942,150,1.1301700839403859,119.22675935461722,122.01390319258496,2.284283811139587,28978.077077948456,32750.155803615973
minilm,MiniLM,1942,3,0.6834211238434236,131.9759697905939,122.01390319258496,-8.164697905192785,28978.077077948456,19804.23000343289
minilm,MiniLM,1942,5,0.8299636381451214,125.77723995880535,122.01390319258496,-3.084350772944622,28978.077077948456,24050.750278063853
minilm,MiniLM,1942,10,0.9386243090423487,119.44402677651905,122.01390319258496,2.106216053108023,28978.077077948456,27199.52757466529
minilm,MiniLM,1942,20,1.0337370361752318,117.30100411946447,122.01390319258496,3.862591843883334,28978.077077948456,29955.71151261586
minilm,MiniLM,1942,30,1.0528037798340395,117.10652248541021,122.01390319258496,4.021984854815286,28978.077077948456,30508.229079986268
minilm,MiniLM,1942,50,1.0623356285252534,116.6714727085479,122.01390319258496,4.378542399061402,28978.077077948456,30784.44372605561
minilm,MiniLM,1942,70,1.0734704238978106,117.11086508753861,122.01390319258496,4.018425750471621,28978.077077948456,31107.10868460876
minilm,MiniLM,1942,100,1.0841990983029637,117.98589598352214,122.01390319258496,3.3012690387464017,28978.077077948456,31418.005038465504
minilm,MiniLM,1942,120,1.0854357289164391,118.01115688293856,122.01390319258496,3.2805657428469637,28978.077077948456,31453.840215699736
minilm,MiniLM,1942,150,1.0859003185480676,118.60723995880537,122.01390319258496,2.7920287316786863,28978.077077948456,31467.303129854678
bert_large_pt,BERT Large PT,1942,3,0.5204281714833778,122.7399588053553,122.01390319258496,-0.5950597380893097,28978.077077948456,15081.007666781095
bert_large_pt,BERT Large PT,1942,5,0.6763298405380292,118.5801235839341,122.01390319258496,2.8142527357976843,28978.077077948456,19598.738249227605
bert_large_pt,BERT Large PT,1942,10,0.7880330250709107,115.34974253347066,122.01390319258496,5.461804339293764,28978.077077948456,22835.681740473738
bert_large_pt,BERT Large PT,1942,20,0.8608982477690945,113.75700308959834,122.01390319258496,6.767179712261195,28978.077077948456,24947.175780123584
bert_large_pt,BERT Large PT,1942,30,0.8880147430100062,113.07480260899416,122.01390319258496,7.326296716761416,28978.077077948456,25732.959669298547
bert_large_pt,BERT Large PT,1942,50,0.91193748961967,112.80188465499485,122.01390319258496,7.549974467294929,28978.077077948456,26426.194864469617
bert_large_pt,BERT Large PT,1942,70,0.9341454589539412,113.2763425040459,122.01390319258496,7.161118905234776,28978.077077948456,27069.73911158284
bert_large_pt,BERT Large PT,1942,100,0.9520170510682141,114.34470648815653,122.01390319258496,6.285510506391622,28978.077077948456,27587.623485375898
bert_large_pt,BERT Large PT,1942,120,0.9590553831244653,114.95441555097838,122.01390319258496,5.785805926119735,28978.077077948456,27791.58081420214
bert_large_pt,BERT Large PT,1942,150,0.9733495810009568,115.69427737727429,122.01390319258496,5.1794309090627655,28978.077077948456,28205.79918203456
qwen3,Qwen3,1942,3,0.6313413361469649,126.59200137315482,122.01390319258496,-3.752111899365973,28978.077077948456,18295.057901361713
qwen3,Qwen3,1942,5,0.7925379893055194,119.36158599382081,122.01390319258496,2.1737827652130504,28978.077077948456,22966.22694129763
qwen3,Qwen3,1942,10,0.9101892770454991,115.03398558187438,122.01390319258496,5.720592021135151,28978.077077948456,26375.535025746656
qwen3,Qwen3,1942,20,0.9942055967341951,113.05561277033985,122.01390319258496,7.342024300382787,28978.077077948456,28810.166413491246
qwen3,Qwen3,1942,30,1.0232898577111413,112.71047030552695,122.01390319258496,7.624895723869763,28978.077077948456,29652.97236983637
qwen3,Qwen3,1942,50,1.0215121312416602,112.2818228630278,122.01390319258496,7.976206051040091,28978.077077948456,29601.45727518023
qwen3,Qwen3,1942,70,1.0194445220106787,112.71568338973077,122.01390319258496,7.620623190930964,28978.077077948456,29541.54193551777
qwen3,Qwen3,1942,100,1.0243786291852186,113.13155509783728,122.01390319258496,7.279783583947741,28978.077077948456,29684.522873532438
qwen3,Qwen3,1942,120,1.0244012172630828,113.55984809474768,122.01390319258496,6.928763752843414,28978.077077948456,29685.17743259383
qwen3,Qwen3,1942,150,1.021859164447361,114.11626501888088,122.01390319258496,6.472736275995173,28978.077077948456,29611.513630163634
bge_m3,BGE-M3,1942,3,0.576843299306362,119.28733264675593,122.01390319258496,2.2346392292077244,28978.077077948456,16715.80958919785
bge_m3,BGE-M3,1942,5,0.6956244037825712,115.1178166838311,122.01390319258496,5.651885832935932,28978.077077948456,20157.857590113283
bge_m3,BGE-M3,1942,10,0.810032335336843,111.24145211122556,122.01390319258496,8.828871792058257,28978.077077948456,23473.179449021627
bge_m3,BGE-M3,1942,20,0.8760976266646374,109.41995365602472,122.01390319258496,10.321733185342119,28978.077077948456,25387.62455329557
bge_m3,BGE-M3,1942,30,0.9018459328029533,109.54253347064882,122.01390319258496,10.221269376368946,28978.077077948456,26133.760953198307
bge_m3,BGE-M3,1942,50,0.9311976544820332,110.10074150360454,122.01390319258496,9.763773944824027,28978.077077948456,26984.31740638517
bge_m3,BGE-M3,1942,70,0.9419101613607833,110.30296454318082,122.01390319258496,9.598036242574558,28978.077077948456,27294.745256415645
bge_m3,BGE-M3,1942,100,0.959994822668024,110.81645726055612,122.01390319258496,9.177188532650217,28978.077077948456,27818.80396570546
bge_m3,BGE-M3,1942,120,0.9674489114622009,111.44922760041196,122.01390319258496,8.658583420200793,28978.077077948456,28034.809125328982
bge_m3,BGE-M3,1942,150,0.9762872274565207,112.20569515962924,122.01390319258496,8.038598697621024,28978.077077948456,28290.92652745165
tfidf,TF-IDF,1942,3,0.5055529081231697,123.04926192928254,122.01390319258496,-0.8485580000365811,28978.077077948456,14649.951138574208
tfidf,TF-IDF,1942,5,0.6056961479166165,117.18352214212152,122.01390319258496,3.958877573844388,28978.077077948456,17551.90966014418
tfidf,TF-IDF,1942,10,0.7586628435063931,113.55751802265705,122.01390319258496,6.930673430371681,28978.077077948456,21984.59035530381
tfidf,TF-IDF,1942,20,0.8921230942024929,112.42502574665292,122.01390319258496,7.858840013336099,28978.077077948456,25852.011786817715
tfidf,TF-IDF,1942,30,0.9483887271890883,112.46793683487813,122.01390319258496,7.823670998082588,28978.077077948456,27482.481636342833
tfidf,TF-IDF,1942,50,1.0035143246881826,112.40935118434605,122.01390319258496,7.871686551227874,28978.077077948456,29079.915449639546
tfidf,TF-IDF,1942,70,1.0255690086340878,112.44930116227748,122.01390319258496,7.838944398992675,28978.077077948456,29719.01778095378
tfidf,TF-IDF,1942,100,1.0442669659799921,112.43747167868177,122.01390319258496,7.8486395921519625,28978.077077948456,30260.848630123586
tfidf,TF-IDF,1942,120,1.0485056687770515,112.76031153450052,122.01390319258496,7.58404691265282,28978.077077948456,30383.6780864873
tfidf,TF-IDF,1942,150,1.056224438353574,113.06785444558874,122.01390319258496,7.331991283711259,28978.077077948456,30607.353186222677
