metric,metric_label,k,representation_a,representation_a_name,representation_b,representation_b_name,n_pairs,wilcoxon_statistic,p_value_raw,mean_difference_A_minus_B,median_difference_A_minus_B,pct_A_lower,pct_B_lower,pct_tie,rank_biserial_A_minus_B,p_value_holm,significant_holm
local_R,Local R,5,legalbr,LegalBR,e5_base,E5 Base,1942,684012.5,6.483070517234491e-24,-0.12295744644714686,-0.13745149442752413,59.6292481977343,39.701338825952625,0.6694129763130793,-0.26508943128738616,1.2317833982745532e-22,True
local_R,Local R,5,legalbr,LegalBR,minilm,MiniLM,1942,773042.5,5.515418987231269e-10,-0.12963793682854075,-0.06267358579779786,54.8918640576725,44.078269824922764,1.0298661174047374,-0.1633752759059374,7.17004468340065e-09,True
local_R,Local R,5,legalbr,LegalBR,bert_large_pt,BERT Large PT,1942,897680.5,0.41789927388553905,0.023995860778551478,-0.007398696587882059,50.9783728115345,47.631307929969104,1.3903192584963955,-0.021372310677706494,0.8357985477710781,False
local_R,Local R,5,legalbr,LegalBR,qwen3,Qwen3,1942,783247.5,4.79245447787766e-09,-0.0922122879889387,-0.06023312020686955,55.35530381050463,43.7178166838311,0.9268795056642637,-0.15409185409185408,5.271699925665426e-08,True
local_R,Local R,5,legalbr,LegalBR,bge_m3,BGE-M3,1942,853135.5,0.0019487757879824998,0.004701297534009628,-0.03471727945556366,52.832131822863026,46.39546858908342,0.772399588053553,-0.08147863834955114,0.009447778521800792,True
local_R,Local R,5,legalbr,LegalBR,tfidf,TF-IDF,1942,824196.5,5.605575478289065e-05,0.09462955339996428,0.03185028452775937,45.365602471678685,53.5015447991761,1.132852729145211,0.1061551058476488,0.00039239028348023457,True
local_R,Local R,5,e5_base,E5 Base,minilm,MiniLM,1942,816550.5,1.4020987735873135e-05,-0.006680490381393886,0.05576629517731979,44.387229660144186,54.4799176107106,1.132852729145211,0.11444722800624675,0.00012618888962285821,True
local_R,Local R,5,e5_base,E5 Base,bert_large_pt,BERT Large PT,1942,673754.5,2.24110455289526e-25,0.14695330722569835,0.10038347238069878,39.08341915550979,60.09268795056643,0.8238928939237898,0.27385446254542084,4.48220910579052e-24,True
local_R,Local R,5,e5_base,E5 Base,qwen3,Qwen3,1942,800922.5,7.378565713076455e-07,0.03074515845820817,0.061536174232795046,43.97528321318229,54.84037075180227,1.184346035015448,0.13049059840194546,7.378565713076455e-06,True
local_R,Local R,5,e5_base,E5 Base,bge_m3,BGE-M3,1942,706766.5,3.294520544702877e-17,0.12765874398115648,0.06949253377245024,40.31925849639546,57.87847579814625,1.8022657054582905,0.22302528805383234,5.271232871524603e-16,True
local_R,Local R,5,e5_base,E5 Base,tfidf,TF-IDF,1942,579873.5,7.029386262078893e-45,0.21758699984711113,0.15903470708575623,36.04531410916581,62.77033985581875,1.184346035015448,0.3704691028313358,1.4761711150365674e-43,True
local_R,Local R,5,minilm,MiniLM,bert_large_pt,BERT Large PT,1942,775635.5,3.161878109297965e-09,0.15363379760709223,0.04279096907170585,44.078269824922764,54.63439752832132,1.2873326467559219,0.15618555887909233,3.794253731157558e-08,True
local_R,Local R,5,minilm,MiniLM,qwen3,Qwen3,1942,905578.5,0.5477565148293762,0.03742564883960205,0.012247879631394898,48.043254376931,50.72090628218332,1.235839340885685,0.01584723534644228,0.8357985477710781,False
local_R,Local R,5,minilm,MiniLM,bge_m3,BGE-M3,1942,850200.5,0.0018895557043601585,0.13433923436255038,0.012771033737142681,47.94026776519053,51.132852729145206,0.9268795056642637,0.08178254178254178,0.009447778521800792,True
local_R,Local R,5,minilm,MiniLM,tfidf,TF-IDF,1942,681835.5,8.817092851947867e-23,0.22426749022850503,0.10134419865405062,39.8043254376931,58.95983522142122,1.235839340885685,0.25900372815394707,1.5870767133506162e-21,True
local_R,Local R,5,bert_large_pt,BERT Large PT,qwen3,Qwen3,1942,763862.0,2.8835403088985165e-10,-0.11620814876749017,-0.05051957022759229,54.994850669412976,43.56333676622039,1.4418125643666324,-0.16638756339845742,4.036956432457923e-09,True
local_R,Local R,5,bert_large_pt,BERT Large PT,bge_m3,BGE-M3,1942,851706.5,0.0020536585699423965,-0.019294563244541853,-0.02781965131197294,53.14109165808445,45.98352214212152,0.8753861997940269,-0.08111124597105905,0.009447778521800792,True
local_R,Local R,5,bert_large_pt,BERT Large PT,tfidf,TF-IDF,1942,802771.5,3.2793090277589484e-05,0.07063369262141278,0.025067225752973474,45.365602471678685,52.42018537590113,2.214212152420185,0.11003408996424711,0.00026234472222071587,True
local_R,Local R,5,qwen3,Qwen3,bge_m3,BGE-M3,1942,836715.0,0.001467517175850446,0.09691358552294832,0.010463082114952532,46.755921730175075,51.647785787847575,1.596292481977343,0.08401371491628515,0.008805103055102676,True
local_R,Local R,5,qwen3,Qwen3,tfidf,TF-IDF,1942,675014.0,2.1188407500267103e-21,0.18684184138890297,0.09400485728133265,39.64984552008239,58.135942327497425,2.214212152420185,0.2516681910146615,3.602029275045407e-20,True
local_R,Local R,5,bge_m3,BGE-M3,tfidf,TF-IDF,1942,737001.0,1.560388910896679e-13,0.08992825586595465,0.07222563437767532,42.01853759011328,56.48815653964985,1.4933058702368691,0.19486044175555145,2.3405833663450187e-12,True
local_R,Local R,10,legalbr,LegalBR,e5_base,E5 Base,1942,643799.0,1.1990366316957343e-33,-0.1560849785323366,-0.16998539919505012,63.64572605561277,36.30278063851699,0.051493305870236865,-0.3168193956527022,2.1582659370523217e-32,True
local_R,Local R,10,legalbr,LegalBR,minilm,MiniLM,1942,788730.0,1.4676500867340376e-09,-0.11522444834540013,-0.07239921387318402,56.12770339855818,43.56333676622039,0.30895983522142123,-0.1586951791344714,1.3208850780606338e-08,True
local_R,Local R,10,legalbr,LegalBR,bert_large_pt,BERT Large PT,1942,921860.0,0.5247133194450488,0.03536683562603789,-0.0021050396075596445,50.56642636457261,49.12461380020597,0.30895983522142123,0.016691057569642072,1.0,False
local_R,Local R,10,legalbr,LegalBR,qwen3,Qwen3,1942,761295.0,1.0088522028810533e-12,-0.08678941634855047,-0.08054174863714714,57.20906282183316,42.430484037075175,0.3604531410916581,-0.18711961048113268,1.2106226434572639e-11,True
local_R,Local R,10,legalbr,LegalBR,bge_m3,BGE-M3,1942,882903.0,0.021737895564803187,0.01336752536010559,-0.041058625001222177,52.780638516992795,47.01338825952626,0.20597322348094746,-0.06018709973063898,0.10868947782401593,False
local_R,Local R,10,legalbr,LegalBR,tfidf,TF-IDF,1942,882367.5,0.03330082181130979,0.06473701719055536,0.013322485096631198,48.094747682801234,51.44181256436663,0.46343975283213185,0.05589310142086688,0.13320328724523917,False
local_R,Local R,10,e5_base,E5 Base,minilm,MiniLM,1942,757944.0,8.176140602228306e-14,0.04086053018693643,0.08120500865775855,42.48197734294541,57.46652935118435,0.051493305870236865,0.19569207162265195,1.0628982782896798e-12,True
local_R,Local R,10,e5_base,E5 Base,bert_large_pt,BERT Large PT,1942,575756.0,1.721410815617988e-49,0.1914518141583745,0.17210372470832958,34.34603501544799,65.4994850669413,0.15447991761071062,0.38776391274065175,3.4428216312359765e-48,True
local_R,Local R,10,e5_base,E5 Base,qwen3,Qwen3,1942,767475.0,1.116437034566351e-12,0.06929556218378612,0.0891190948610325,41.503604531410915,58.49639546858908,0.0,0.18641636803376138,1.2280807380229861e-11,True
local_R,Local R,10,e5_base,E5 Base,bge_m3,BGE-M3,1942,605420.5,7.179842629640467e-42,0.16945250389244218,0.134983939392466,35.68486096807415,64.1091658084449,0.20597322348094746,0.3555554845917086,1.3641700996316888e-40,True
local_R,Local R,10,e5_base,E5 Base,tfidf,TF-IDF,1942,554285.0,1.0247379782117736e-54,0.22082199572289193,0.18606220783721228,33.9340885684861,65.75695159629248,0.30895983522142123,0.4087677118488589,2.1519497542447245e-53,True
local_R,Local R,10,minilm,MiniLM,bert_large_pt,BERT Large PT,1942,743672.0,4.287293299931065e-15,0.15059128397143803,0.07517907396477358,42.224510813594236,57.4150360453141,0.3604531410916581,0.2059367458944626,6.002210619903491e-14,True
local_R,Local R,10,minilm,MiniLM,qwen3,Qwen3,1942,924374.5,0.5934235290002607,0.028435031996849672,-0.005545226467848774,50.51493305870237,49.17610710607621,0.30895983522142123,-0.014008947123651212,1.0,False
local_R,Local R,10,minilm,MiniLM,bge_m3,BGE-M3,1942,828063.0,6.162577434082655e-06,0.12859197370550574,0.03797577724152815,45.98352214212152,53.810504634397525,0.20597322348094746,0.11856196022015114,4.3138042038578584e-05,True
local_R,Local R,10,minilm,MiniLM,tfidf,TF-IDF,1942,709068.0,9.669732938123275e-20,0.1799614655359555,0.09689963183018739,40.113285272914524,59.26879505664263,0.6179196704428425,0.23895857873849893,1.4504599407184914e-18,True
local_R,Local R,10,bert_large_pt,BERT Large PT,qwen3,Qwen3,1942,713047.0,3.9672681155621736e-20,-0.12215625197458838,-0.08871879224713589,58.75386199794027,41.040164778578784,0.20597322348094746,-0.24099162750792888,6.347628984899478e-19,True
local_R,Local R,10,bert_large_pt,BERT Large PT,bge_m3,BGE-M3,1942,852289.5,0.0004638282616334232,-0.021999310265932298,-0.03687201180140022,53.39855818743563,46.34397528321318,0.25746652935118436,-0.09183714243244237,0.0027829695698005394,True
local_R,Local R,10,bert_large_pt,BERT Large PT,tfidf,TF-IDF,1942,890844.0,0.06859925639632501,0.029370181564517452,0.012070159074363374,47.73429454170957,51.85375901132853,0.4119464469618949,0.04780869467625438,0.20579776918897502,False
local_R,Local R,10,qwen3,Qwen3,bge_m3,BGE-M3,1942,780365.0,1.681579609734775e-10,0.10015694170865605,0.05725121082180018,43.87229660144181,55.81874356333677,0.30895983522142123,0.1676177696616989,1.681579609734775e-09,True
local_R,Local R,10,qwen3,Qwen3,tfidf,TF-IDF,1942,705481.0,4.0241632043496785e-21,0.1515264335391058,0.09662821975619637,41.7610710607621,57.92996910401648,0.30895983522142123,0.24749335472337303,6.841077447394453e-20,True
local_R,Local R,10,bge_m3,BGE-M3,tfidf,TF-IDF,1942,810765.5,1.7624244424078083e-07,0.05136949183044976,0.04257425351866512,44.953656024716786,54.84037075180227,0.20597322348094746,0.13697441735576998,1.4099395539262467e-06,True
local_R,Local R,20,legalbr,LegalBR,e5_base,E5 Base,1942,555734.0,3.0408737737930662e-55,-0.19126926724957927,-0.19346948850054302,66.4778578784758,33.470648815653966,0.051493305870236865,-0.4102713890883005,5.473572792827519e-54,True
local_R,Local R,20,legalbr,LegalBR,minilm,MiniLM,1942,718133.0,8.101426835048719e-20,-0.14652397773230494,-0.10686923744697432,59.2173017507724,40.7826982492276,0.0,-0.23872275399874804,9.721712202058463e-19,True
local_R,Local R,20,legalbr,LegalBR,bert_large_pt,BERT Large PT,1942,900979.0,0.08662584113955886,0.02631481067383256,0.007351117516424366,49.279093717816686,50.72090628218332,0.0,0.04489166794317768,0.4331292056977943,False
local_R,Local R,20,legalbr,LegalBR,qwen3,Qwen3,1942,717637.0,6.731658064876275e-20,-0.1069925382912682,-0.11785689715757314,59.423274974253346,40.576725025746654,0.0,-0.23924855286054192,8.751155484339156e-19,True
local_R,Local R,20,legalbr,LegalBR,bge_m3,BGE-M3,1942,910681.5,0.19963616124989458,0.011115431778289567,-0.03514014222754941,53.295571575695156,46.6529351184346,0.051493305870236865,-0.03361151921965755,0.7985446449995783,False
local_R,Local R,20,legalbr,LegalBR,tfidf,TF-IDF,1942,925410.0,0.46848862855584483,-0.004910035759566085,-0.014718713006825535,51.44181256436663,48.558187435633364,0.0,-0.018992893764778154,1.0,False
local_R,Local R,20,e5_base,E5 Base,minilm,MiniLM,1942,748811.0,3.5317617455531332e-15,0.0447452895172743,0.09151068729877693,40.937178166838315,59.06282183316169,0.0,0.20620167036545672,2.8254093964425066e-14,True
local_R,Local R,20,e5_base,E5 Base,bert_large_pt,BERT Large PT,1942,486546.0,2.865512398190515e-76,0.2175840779234118,0.20786304190569294,29.660144181256438,70.33985581874357,0.0,0.4842231189307202,5.73102479638103e-75,True
local_R,Local R,20,e5_base,E5 Base,qwen3,Qwen3,1942,707773.0,1.5576915687349142e-21,0.08427672895831104,0.09569587700870019,39.8043254376931,60.1956745623069,0.0,0.24970516570879753,2.1807681962288798e-20,True
local_R,Local R,20,e5_base,E5 Base,bge_m3,BGE-M3,1942,468036.0,2.0255957131228217e-82,0.20238469902786882,0.16409961355298647,30.535530381050464,69.46446961894954,0.0,0.5038451691964553,4.253750997557926e-81,True
local_R,Local R,20,e5_base,E5 Base,tfidf,TF-IDF,1942,550813.0,1.3003839392975447e-56,0.18635923149001313,0.18630204431708985,33.36766220391349,66.58084449021628,0.051493305870236865,0.41549340986496075,2.470729484665335e-55,True
local_R,Local R,20,minilm,MiniLM,bert_large_pt,BERT Large PT,1942,677368.0,5.245025224257835e-27,0.1728387884061375,0.10618846418700523,38.61997940267765,61.38002059732235,0.0,0.2819368479524322,8.392040358812536e-26,True
local_R,Local R,20,minilm,MiniLM,qwen3,Qwen3,1942,941656.0,0.9774028194777122,0.039531439441036736,-0.0021770336875805707,50.15447991761071,49.794026776519054,0.051493305870236865,-0.0007422888708136155,1.0,False
local_R,Local R,20,minilm,MiniLM,bge_m3,BGE-M3,1942,718850.0,1.0581232047860489e-19,0.15763940951059452,0.0754931044636063,41.29763130792997,58.70236869207003,0.0,0.23796267782151778,1.1639355252646537e-18,True
local_R,Local R,20,minilm,MiniLM,tfidf,TF-IDF,1942,745323.0,1.1317966566797262e-15,0.14161394197273888,0.0870124592193443,42.378990731204944,57.621009268795056,0.0,0.2098992236516201,1.0186169910117536e-14,True
local_R,Local R,20,bert_large_pt,BERT Large PT,qwen3,Qwen3,1942,659130.5,1.3316702626409381e-30,-0.13330734896510077,-0.10418906478434092,61.174047373841404,38.825952626158596,0.0,-0.3012700268676858,2.263839446489595e-29,True
local_R,Local R,20,bert_large_pt,BERT Large PT,bge_m3,BGE-M3,1942,867177.0,0.0020618647506930364,-0.015199378895542988,-0.03867031090384987,54.37693099897013,45.62306900102986,0.0,-0.08072443634309012,0.014433053254851256,True
local_R,Local R,20,bert_large_pt,BERT Large PT,tfidf,TF-IDF,1942,867936.0,0.002284890546272807,-0.031224846433398647,-0.040096777190374605,54.17095777548918,45.829042224510815,0.0,-0.07991983687514344,0.014433053254851256,True
local_R,Local R,20,qwen3,Qwen3,bge_m3,BGE-M3,1942,677955.0,6.785341109269545e-27,0.11810797006955778,0.07886142665204765,39.701338825952625,60.298661174047375,0.0,0.2813145819607527,1.0178011663904318e-25,True
local_R,Local R,20,qwen3,Qwen3,tfidf,TF-IDF,1942,743768.0,6.771563663072158e-16,0.10208250253170212,0.08843344722656188,42.224510813594236,57.77548918640577,0.0,0.2115476454864779,6.771563663072158e-15,True
local_R,Local R,20,bge_m3,BGE-M3,tfidf,TF-IDF,1942,936859.0,0.7935611911660874,-0.016025467537855654,-0.00020015130694853167,50.05149330587023,49.94850669412976,0.0,0.006856056731152999,1.0,False
absolute_error_days,Absolute error (days),5,legalbr,LegalBR,e5_base,E5 Base,1942,780759.5,3.1910441941448974e-09,-11.688980432543769,-10.700000000000017,55.3038105046344,43.7178166838311,0.9783728115345005,-0.15590191175214577,6.382088388289795e-08,True
absolute_error_days,Absolute error (days),5,legalbr,LegalBR,minilm,MiniLM,1942,813668.5,1.5765577049229373e-05,-8.619464469618949,-4.0,52.98661174047374,45.6745623069001,1.3388259526261586,-0.11388543119849538,0.0002364836557384406,True
absolute_error_days,Absolute error (days),5,legalbr,LegalBR,bert_large_pt,BERT Large PT,1942,889784.5,0.3872818004866325,-1.4223480947476832,-0.30000000000001137,50.10298661174048,48.14624098867147,1.7507723995880538,-0.022851592314019547,1.0,False
absolute_error_days,Absolute error (days),5,legalbr,LegalBR,qwen3,Qwen3,1942,893329.5,0.2523187125415718,-2.203810504634398,-0.8999999999999773,50.25746652935118,48.558187435633364,1.184346035015448,-0.030170336112558625,1.0,False
absolute_error_days,Absolute error (days),5,legalbr,LegalBR,bge_m3,BGE-M3,1942,901695.0,0.3800070453261688,2.0399588053553033,0.0,49.12461380020597,49.794026776519054,1.0813594232749741,0.023125204148680367,1.0,False
absolute_error_days,Absolute error (days),5,legalbr,LegalBR,tfidf,TF-IDF,1942,905630.0,0.549170902577137,-0.025746652935119137,-1.0,50.617919670442845,48.14624098867147,1.235839340885685,-0.01579126684964199,1.0,False
absolute_error_days,Absolute error (days),5,e5_base,E5 Base,minilm,MiniLM,1942,880807.5,0.13173989221681687,3.06951596292482,1.0,48.043254376931,50.56642636457261,1.3903192584963955,0.03976681184146694,1.0,False
absolute_error_days,Absolute error (days),5,e5_base,E5 Base,bert_large_pt,BERT Large PT,1942,784267.5,1.4090341366883886e-08,10.266632337796086,8.399999999999977,43.35736354273945,55.509783728115345,1.132852729145211,0.14945828995314941,2.6771648597079386e-07,True
absolute_error_days,Absolute error (days),5,e5_base,E5 Base,qwen3,Qwen3,1942,789414.5,4.784614413277057e-07,9.48516992790937,7.600000000000023,45.05664263645726,53.19258496395468,1.7507723995880538,0.1330764677523328,8.133844502570996e-06,True
absolute_error_days,Absolute error (days),5,e5_base,E5 Base,bge_m3,BGE-M3,1942,725138.0,1.7355727595899004e-13,13.728939237899072,9.0,42.790937178166836,54.943357363542745,2.265705458290422,0.19525278403419025,3.644702795138791e-12,True
absolute_error_days,Absolute error (days),5,e5_base,E5 Base,tfidf,TF-IDF,1942,787399.5,1.7397982750797763e-07,11.663233779608653,8.69999999999996,43.666323377960865,54.73738414006179,1.596292481977343,0.1380014187844433,3.1316368951435974e-06,True
absolute_error_days,Absolute error (days),5,minilm,MiniLM,bert_large_pt,BERT Large PT,1942,821142.0,6.093943698408956e-05,7.197116374871267,4.800000000000011,45.829042224510815,52.832131822863026,1.3388259526261586,0.10574651807854783,0.0008531521177772538,True
absolute_error_days,Absolute error (days),5,minilm,MiniLM,qwen3,Qwen3,1942,838866.5,0.0011940051332114368,6.4156539649845525,5.099999999999994,46.086508753862,52.523171987641604,1.3903192584963955,0.08548978779768557,0.014328061598537242,True
absolute_error_days,Absolute error (days),5,minilm,MiniLM,bge_m3,BGE-M3,1942,802308.5,6.856523449434185e-07,10.659423274974255,6.800000000000011,45.15962924819774,53.75901132852729,1.0813594232749741,0.1307981610774392,1.0970437519094696e-05,True
absolute_error_days,Absolute error (days),5,minilm,MiniLM,tfidf,TF-IDF,1942,832585.5,0.0005342073785424658,8.593717816683832,2.9000000000000057,46.70442842430484,51.85375901132853,1.4418125643666324,0.0913887229183889,0.006944695921052056,True
absolute_error_days,Absolute error (days),5,bert_large_pt,BERT Large PT,qwen3,Qwen3,1942,893582.0,0.4557587197362063,-0.7814624098867144,-1.1999999999999886,50.56642636457261,47.73429454170957,1.6992790937178166,-0.01970879191704217,1.0,False
absolute_error_days,Absolute error (days),5,bert_large_pt,BERT Large PT,bge_m3,BGE-M3,1942,890052.0,0.16296667887073446,3.462306900102987,0.9000000000000341,48.66117404737384,50.30895983522142,1.0298661174047374,0.03674182347106579,1.0,False
absolute_error_days,Absolute error (days),5,bert_large_pt,BERT Large PT,tfidf,TF-IDF,1942,897111.5,0.8994478125137071,1.3966014418125647,-1.0,50.360453141091654,47.32234809474768,2.317198764160659,-0.003349529205061733,1.0,False
absolute_error_days,Absolute error (days),5,qwen3,Qwen3,bge_m3,BGE-M3,1942,848190.5,0.017964148953589037,4.243769309989702,1.0,47.579814624098866,50.360453141091654,2.059732234809475,0.06264501288297353,0.1976056384894794,False
absolute_error_days,Absolute error (days),5,qwen3,Qwen3,tfidf,TF-IDF,1942,884501.0,0.5125542309718931,2.17806385169928,0.0,48.043254376931,49.63954685890834,2.317198764160659,0.017359226730909488,1.0,False
absolute_error_days,Absolute error (days),5,bge_m3,BGE-M3,tfidf,TF-IDF,1942,880305.0,0.22256525908923086,-2.0657054582904224,0.0,48.81565396498455,49.38208032955716,1.8022657054582905,-0.032247957706298874,1.0,False
absolute_error_days,Absolute error (days),10,legalbr,LegalBR,e5_base,E5 Base,1942,822110.5,2.282441908737426e-06,-7.837126673532442,-5.449999999999989,53.810504634397525,45.932028836251284,0.25746652935118436,-0.12399458057820308,4.336639626601109e-05,True
absolute_error_days,Absolute error (days),10,legalbr,LegalBR,minilm,MiniLM,1942,832926.0,2.4954358879563987e-05,-6.1953656024716794,-4.949999999999989,53.3470648815654,46.292481977342945,0.3604531410916581,-0.11063489012749055,0.0003992697420730238,True
absolute_error_days,Absolute error (days),10,legalbr,LegalBR,bert_large_pt,BERT Large PT,1942,896375.0,0.13853722704534882,-2.101081359423275,-1.1500000000000057,50.72090628218332,48.71266735324408,0.5664263645726055,-0.038918248946844175,1.0,False
absolute_error_days,Absolute error (days),10,legalbr,LegalBR,qwen3,Qwen3,1942,906690.0,0.2396326521517751,-1.7853244078269832,-0.09999999999999432,50.0,49.5880535530381,0.4119464469618949,-0.03087147174590959,1.0,False
absolute_error_days,Absolute error (days),10,legalbr,LegalBR,bge_m3,BGE-M3,1942,900252.5,0.12051468995546924,2.007209062821833,1.599999999999966,48.76416065911432,50.9783728115345,0.25746652935118436,0.04072984246275746,1.0,False
absolute_error_days,Absolute error (days),10,legalbr,LegalBR,tfidf,TF-IDF,1942,907688.0,0.3266139064992748,-0.30885684860968177,-0.3499999999999943,50.46343975283213,48.918640576725025,0.6179196704428425,-0.02578008656150133,1.0,False
absolute_error_days,Absolute error (days),10,e5_base,E5 Base,minilm,MiniLM,1942,921396.0,0.4405076545296701,1.641761071060762,0.7499999999999716,49.330587023686924,50.51493305870237,0.15447991761071062,0.020224050020469685,1.0,False
absolute_error_days,Absolute error (days),10,e5_base,E5 Base,bert_large_pt,BERT Large PT,1942,849333.5,0.00029359052600724784,5.736045314109167,4.100000000000023,47.27085478887745,52.47167868177137,0.25746652935118436,0.09498692828216795,0.004403857890108717,True
absolute_error_days,Absolute error (days),10,e5_base,E5 Base,qwen3,Qwen3,1942,830145.0,1.080980944924334e-05,6.051802265705459,4.250000000000028,46.03501544799176,53.707518022657055,0.25746652935118436,0.11543336460742491,0.00018376676063713677,True
absolute_error_days,Absolute error (days),10,e5_base,E5 Base,bge_m3,BGE-M3,1942,755619.0,5.000859650131685e-13,9.844335736354276,7.9500000000000455,42.99691040164779,56.436663233779605,0.5664263645726055,0.18983502256417845,1.0501805265276539e-11,True
absolute_error_days,Absolute error (days),10,e5_base,E5 Base,tfidf,TF-IDF,1942,826330.5,6.201327459767431e-06,7.52826982492276,5.5,45.57157569515963,54.11946446961895,0.30895983522142123,0.11858832137965757,0.00011162389427581376,True
absolute_error_days,Absolute error (days),10,minilm,MiniLM,bert_large_pt,BERT Large PT,1942,876356.5,0.019502288609743193,4.0942842430484045,1.25,48.506694129763126,50.9783728115345,0.5149330587023687,0.06135401370336929,0.21452517470717514,False
absolute_error_days,Absolute error (days),10,minilm,MiniLM,qwen3,Qwen3,1942,859492.0,0.0028228929732623366,4.4100411946446965,3.3499999999999943,47.0648815653965,52.368692070030896,0.5664263645726055,0.07846372737283057,0.036697608652410375,True
absolute_error_days,Absolute error (days),10,minilm,MiniLM,bge_m3,BGE-M3,1942,803777.5,6.626018272026597e-08,8.202574665293513,5.899999999999977,44.078269824922764,55.561277033985576,0.3604531410916581,0.14175849403122132,1.3252036544053194e-06,True
absolute_error_days,Absolute error (days),10,minilm,MiniLM,tfidf,TF-IDF,1942,847155.0,0.0009468004436686212,5.886508753861998,2.450000000000017,47.37384140061792,51.8022657054583,0.8238928939237898,0.08697036861002931,0.013255206211360697,True
absolute_error_days,Absolute error (days),10,bert_large_pt,BERT Large PT,qwen3,Qwen3,1942,933580.0,0.9353453293718009,0.3157569515962918,-0.3499999999999943,50.25746652935118,49.330587023686924,0.4119464469618949,0.0021297120212490214,1.0,False
absolute_error_days,Absolute error (days),10,bert_large_pt,BERT Large PT,bge_m3,BGE-M3,1942,873112.0,0.009869449998829547,4.108290422245108,2.1500000000000057,47.94026776519053,51.69927909371782,0.3604531410916581,0.06772588463920388,0.11843339998595456,False
absolute_error_days,Absolute error (days),10,bert_large_pt,BERT Large PT,tfidf,TF-IDF,1942,913948.0,0.4924475592814156,1.7922245108135932,-0.30000000000001137,50.205973223480946,49.12461380020597,0.6694129763130793,0.018044195897361514,1.0,False
absolute_error_days,Absolute error (days),10,qwen3,Qwen3,bge_m3,BGE-M3,1942,879092.5,0.02147688163777415,3.7925334706488165,0.3000000000000398,49.12461380020597,50.46343975283213,0.4119464469618949,0.06036945292855444,0.21476881637774148,False
absolute_error_days,Absolute error (days),10,qwen3,Qwen3,tfidf,TF-IDF,1942,913565.5,0.43554106222175126,1.4764675592173018,0.0,49.94850669412976,49.48506694129763,0.5664263645726055,0.02048681585078586,1.0,False
absolute_error_days,Absolute error (days),10,bge_m3,BGE-M3,tfidf,TF-IDF,1942,898608.0,0.1323365639553493,-2.3160659114315143,-0.8499999999999943,50.8238928939238,48.76416065911432,0.4119464469618949,-0.039510032627081276,1.0,False
absolute_error_days,Absolute error (days),20,legalbr,LegalBR,e5_base,E5 Base,1942,770578.5,3.5046692426002614e-12,-8.74984552008239,-6.625000000000028,55.870236869207005,44.078269824922764,0.051493305870236865,-0.18228471102466107,7.009338485200522e-11,True
absolute_error_days,Absolute error (days),20,legalbr,LegalBR,minilm,MiniLM,1942,810410.0,7.52803130706765e-08,-6.258084449021626,-5.0750000000000455,55.149330587023684,44.850669412976316,0.0,-0.14090190405972905,1.204485009130824e-06,True
absolute_error_days,Absolute error (days),20,legalbr,LegalBR,bert_large_pt,BERT Large PT,1942,881431.5,0.01226572449335747,-2.71408341915551,-1.325000000000017,51.28733264675592,48.71266735324408,0.0,-0.06561354949744336,0.11039152044021723,False
absolute_error_days,Absolute error (days),20,legalbr,LegalBR,qwen3,Qwen3,1942,897064.5,0.06122587143729336,-2.0126930998970143,-2.4000000000000057,51.647785787847575,48.352214212152425,0.0,-0.04904134464578277,0.3673552286237602,False
absolute_error_days,Absolute error (days),20,legalbr,LegalBR,bge_m3,BGE-M3,1942,906625.5,0.170571503316296,1.6229660144181248,1.5249999999999773,48.76416065911432,51.081359423274975,0.15447991761071062,0.035930413700334424,0.85285751658148,False
absolute_error_days,Absolute error (days),20,legalbr,LegalBR,tfidf,TF-IDF,1942,912300.0,0.22358505559420627,-1.3821060762100927,-2.375,52.05973223480947,47.88877445932029,0.051493305870236865,-0.03189401451999803,0.8943402223768251,False
absolute_error_days,Absolute error (days),20,e5_base,E5 Base,minilm,MiniLM,1942,891132.0,0.038059315690031376,2.491761071060762,2.3249999999999886,47.21936148300721,52.72914521112255,0.051493305870236865,0.05435687487365437,0.299034795195807,False
absolute_error_days,Absolute error (days),20,e5_base,E5 Base,bert_large_pt,BERT Large PT,1942,813988.0,2.4337406091949344e-07,6.03576210092688,5.349999999999994,45.15962924819774,54.73738414006179,0.10298661174047373,0.13532932859563304,3.6506109137924014e-06,True
absolute_error_days,Absolute error (days),20,e5_base,E5 Base,qwen3,Qwen3,1942,784359.5,1.9731368580046528e-10,6.737152420185375,5.724999999999994,43.97528321318229,55.92173017507724,0.10298661174047373,0.16680263654084143,3.551646344408375e-09,True
absolute_error_days,Absolute error (days),20,e5_base,E5 Base,bge_m3,BGE-M3,1942,698127.0,1.188751679574187e-22,10.372811534500515,8.224999999999994,41.040164778578784,58.75386199794027,0.20597322348094746,0.2568733364521944,2.4963785271057926e-21,True
absolute_error_days,Absolute error (days),20,e5_base,E5 Base,tfidf,TF-IDF,1942,801105.0,1.9668651308081858e-08,7.367739443872296,5.450000000000017,45.15962924819774,54.63439752832132,0.20597322348094746,0.14725761100564108,3.343670722373916e-07,True
absolute_error_days,Absolute error (days),20,minilm,MiniLM,bert_large_pt,BERT Large PT,1942,873603.5,0.0053692303390720335,3.5440010298661178,2.400000000000034,47.83728115345005,52.111225540679705,0.051493305870236865,0.0729576046407115,0.053692303390720335,False
absolute_error_days,Absolute error (days),20,minilm,MiniLM,qwen3,Qwen3,1942,855019.5,0.0004653642254191094,4.2453913491246125,3.424999999999983,46.80741503604531,53.08959835221421,0.10298661174047373,0.09174301693780972,0.0060497349304484225,True
absolute_error_days,Absolute error (days),20,minilm,MiniLM,bge_m3,BGE-M3,1942,778980.0,3.6996069554758895e-11,7.881050463439752,6.724999999999994,43.76930998970134,56.17919670442843,0.051493305870236865,0.17336928579501049,7.02925321540419e-10,True
absolute_error_days,Absolute error (days),20,minilm,MiniLM,tfidf,TF-IDF,1942,849221.0,0.0001402582160653195,4.8759783728115345,3.775000000000034,46.240988671472714,53.75901132852729,0.0,0.09975920320270872,0.001963615024914473,True
absolute_error_days,Absolute error (days),20,bert_large_pt,BERT Large PT,qwen3,Qwen3,1942,935723.0,0.8185183510703175,0.7013903192584953,-0.20000000000001705,50.25746652935118,49.63954685890834,0.10298661174047373,0.0060145424029488465,1.0,False
absolute_error_days,Absolute error (days),20,bert_large_pt,BERT Large PT,bge_m3,BGE-M3,1942,861967.0,0.0011331003000175292,4.337049433573634,2.4749999999999943,47.42533470648816,52.523171987641604,0.051493305870236865,0.08530591692837788,0.01359720360021035,True
absolute_error_days,Absolute error (days),20,bert_large_pt,BERT Large PT,tfidf,TF-IDF,1942,919195.5,0.32886996684532666,1.3319773429454167,1.5999999999999943,48.558187435633364,51.44181256436663,0.0,0.025580750673282263,0.98660990053598,False
absolute_error_days,Absolute error (days),20,qwen3,Qwen3,bge_m3,BGE-M3,1942,871541.0,0.0036772632202210095,3.6356591143151396,2.0500000000000114,47.94026776519053,52.05973223480947,0.0,0.07609825442198433,0.040449895422431104,True
absolute_error_days,Absolute error (days),20,qwen3,Qwen3,tfidf,TF-IDF,1942,931087.5,0.6481886485591579,0.6305870236869219,0.05000000000001137,49.94850669412976,50.0,0.051493305870236865,0.011957270902541556,1.0,False
absolute_error_days,Absolute error (days),20,bge_m3,BGE-M3,tfidf,TF-IDF,1942,891881.0,0.037379349399475875,-3.0050720906282176,-2.0250000000000057,51.85375901132853,48.14624098867147,0.0,-0.05453626077503388,0.299034795195807,False
