row,process_id
0,0000010-05.2022.8.26.0574
1,0000012-21.2021.8.26.0570
2,0000022-04.2017.8.26.0474
3,0000073-66.2018.8.26.0187
4,0000076-72.2018.8.26.0558
5,0000089-81.2016.8.26.0545
6,0000104-16.2016.8.26.0621
7,0000118-34.2016.8.26.0545
8,0000119-19.2018.8.26.0587
9,0000140-78.2017.8.26.0603
10,0000163-33.2017.8.26.0600
11,0000173-80.2018.8.26.0426
12,0000185-29.2017.8.26.0071
13,0000200-44.2018.8.26.0594
14,0000233-48.2018.8.26.0557
15,0000236-21.2018.8.26.0551
16,0000275-37.2016.8.26.0535
17,0000283-18.2015.8.26.0545
18,0000284-32.2018.8.26.0081
19,0000324-47.2018.8.26.0070
20,0000337-93.2018.8.26.0022
21,0000338-32.2018.8.26.0587
22,0000351-45.2022.8.26.0537
23,0000382-22.2018.8.26.0144
24,0000432-34.2014.8.26.0582
25,0000441-06.2018.8.26.0210
26,0000472-29.2016.8.26.0361
27,0000478-32.2017.8.26.0060
28,0000480-67.2017.8.26.0200
29,0000494-40.2018.8.26.0548
30,0000514-21.2022.8.26.0603
31,0000515-07.2017.8.26.0530
32,0000585-13.2016.8.26.0545
33,0000591-13.2018.8.26.0266
34,0000596-24.2009.8.26.0695
35,0000617-20.2018.8.26.0069
36,0000625-82.2017.8.26.0246
37,0000632-42.2014.8.26.0614
38,0000633-72.2017.8.26.0177
39,0000659-06.2016.8.26.0630
40,0000659-08.2018.8.26.0542
41,0000694-66.2014.8.26.0587
42,0000721-69.2018.8.26.0535
43,0000759-49.2021.8.26.0544
44,0000772-26.2018.8.26.0165
45,0000869-28.2018.8.26.0132
46,0000872-52.2018.8.26.0594
47,0000960-42.2018.8.26.0319
48,0000968-54.2017.8.26.0545
49,0001012-96.2017.8.26.0408
50,0001052-25.2016.8.26.0146
51,0001072-69.2015.8.26.0075
52,0001086-45.2018.8.26.0464
53,0001090-57.2018.8.26.0246
54,0001093-09.2016.8.26.0205
55,0001124-31.2016.8.26.0075
56,0001159-86.2018.8.26.0635
57,0001333-79.2017.8.26.0587
58,0001364-27.2016.8.26.0396
59,0001422-23.2015.8.26.0248
60,0001450-57.2016.8.26.0150
61,0001458-14.2015.8.26.0362
62,0001614-56.2018.8.26.0407
63,0001631-75.2012.8.26.0319
64,0001725-59.2017.8.26.0218
65,0001751-36.2017.8.26.0322
66,0001834-96.2016.8.26.0642
67,0002211-72.2017.8.26.0338
68,0002242-20.2016.8.26.0535
69,0002242-69.2014.8.26.0024
70,0002257-69.2014.8.26.0531
71,0002270-92.2017.8.26.0101
72,0002453-51.2017.8.26.0493
73,0002486-78.2017.8.26.0125
74,0002551-07.2017.8.26.0535
75,0002673-49.2017.8.26.0493
76,0002717-39.2016.8.26.0223
77,0002725-31.2017.8.26.0530
78,0002786-43.2017.8.26.0415
79,0002810-41.2014.8.26.0362
80,0002842-34.2014.8.26.0075
81,0002907-33.2022.8.26.0565
82,0002958-46.2016.8.26.0115
83,0003042-70.2015.8.26.0248
84,0003119-81.2017.8.26.0548
85,0003213-96.2017.8.26.0655
86,0003248-76.2018.8.26.0637
87,0003625-33.2016.8.26.0050
88,0003700-34.2014.8.26.0538
89,0003983-48.2015.8.26.0271
90,0004035-42.2014.8.26.0477
91,0004091-47.2018.8.26.0635
92,0004107-98.2018.8.26.0635
93,0004337-42.2018.8.26.0506
94,0004387-02.2017.8.26.0022
95,0004473-84.2018.8.26.0297
96,0004485-80.2014.8.26.0510
97,0004820-06.2017.8.26.0022
98,0004945-07.2017.8.26.0108
99,0005005-24.2018.8.26.0664
100,0005021-38.2017.8.26.0526
101,0005234-61.2018.8.26.0024
102,0005283-49.2017.8.26.0635
103,0005309-97.2012.8.26.0481
104,0005321-46.2015.8.26.0210
105,0005635-92.2014.8.26.0091
106,0005665-74.2018.8.26.0322
107,0005696-62.2012.8.26.0045
108,0005843-40.2017.8.26.0554
109,0005942-78.2018.8.26.0132
110,0006046-50.2017.8.26.0635
111,0006182-31.2022.8.26.0228
112,0006201-23.2016.8.26.0430
113,0006212-82.2017.8.26.0635
114,0006457-39.2016.8.26.0438
115,0006595-26.2018.8.26.0635
116,0006611-67.2018.8.26.0024
117,0006664-40.2017.8.26.0038
118,0006894-40.2016.8.26.0322
119,0007198-36.2017.8.26.0344
120,0007365-27.2017.8.26.0482
121,0008458-34.2014.8.26.0319
122,0008726-93.2014.8.26.0576
123,0008860-35.2017.8.26.0635
124,0009023-17.2017.8.26.0408
125,0009099-73.2016.8.26.0635
126,0009205-75.2017.8.26.0481
127,0009560-93.2012.8.26.0050
128,0009829-69.2017.8.26.0564
129,0010119-65.2017.8.26.0635
130,0011020-42.2018.8.26.0071
131,0011377-17.2021.8.26.0071
132,0012169-66.2017.8.26.0602
133,0013149-78.2017.8.26.0451
134,0013373-55.2018.8.26.0071
135,0013453-19.2017.8.26.0050
136,0014318-76.2016.8.26.0050
137,0014827-54.2016.8.26.0196
138,0016384-15.2018.8.26.0032
139,0018133-71.2022.8.26.0050
140,0018167-46.2022.8.26.0050
141,0018174-38.2022.8.26.0050
142,0018333-20.2018.8.26.0050
143,0018385-06.2018.8.26.0506
144,0019913-85.2018.8.26.0050
145,0019971-30.2014.8.26.0050
146,0021506-14.2016.8.26.0344
147,0022578-26.2010.8.26.0577
148,0022600-93.2022.8.26.0050
149,0023428-31.2018.8.26.0050
150,0023502-82.2017.8.26.0224
151,0025361-15.2014.8.26.0071
152,0025568-38.2018.8.26.0050
153,0026265-30.2016.8.26.0050
154,0027357-67.2021.8.26.0050
155,0028609-47.2017.8.26.0050
156,0030432-92.2016.8.26.0114
157,0031401-08.2016.8.26.0050
158,0032194-78.2016.8.26.0071
159,0032228-82.2018.8.26.0071
160,0032568-94.2016.8.26.0071
161,0035862-86.2017.8.26.0050
162,0036611-71.2014.8.26.0224
163,0037259-93.2012.8.26.0071
164,0038664-86.2019.8.26.0050
165,0042408-31.2015.8.26.0050
166,0045783-69.2017.8.26.0050
167,0047181-17.2018.8.26.0050
168,0048869-82.2016.8.26.0050
169,0052292-16.2017.8.26.0050
170,0053828-96.2016.8.26.0050
171,0054041-10.2013.8.26.0050
172,0055706-56.2016.8.26.0050
173,0056695-62.2016.8.26.0050
174,0057059-63.2018.8.26.0050
175,0058731-14.2015.8.26.0050
176,0060197-38.2018.8.26.0050
177,0060284-62.2016.8.26.0050
178,0065319-03.2016.8.26.0050
179,0069739-80.2018.8.26.0050
180,0070547-22.2017.8.26.0050
181,0071339-73.2017.8.26.0050
182,0074025-72.2016.8.26.0050
183,0078992-29.2017.8.26.0050
184,0080821-11.2018.8.26.0050
185,0084894-60.2017.8.26.0050
186,0085998-87.2017.8.26.0050
187,0091368-57.2011.8.26.0050
188,0095342-92.2017.8.26.0050
189,0096497-96.2018.8.26.0050
190,0105853-52.2017.8.26.0050
191,0106914-45.2017.8.26.0050
192,0110263-56.2017.8.26.0050
193,0112808-02.2017.8.26.0050
194,0943578-08.2012.8.26.0506
195,1500002-43.2021.8.26.0491
196,1500002-83.2021.8.26.0607
197,1500003-68.2021.8.26.0607
198,1500004-18.2020.8.26.0242
199,1500004-89.2022.8.26.0228
200,1500005-76.2020.8.26.0638
201,1500006-77.2019.8.26.0547
202,1500007-44.2022.8.26.0228
203,1500007-58.2021.8.26.0655
204,1500008-30.2020.8.26.0024
205,1500009-35.2022.8.26.0027
206,1500011-10.2020.8.26.0242
207,1500012-83.2021.8.26.0072
208,1500015-32.2019.8.26.0420
209,1500016-22.2022.8.26.0546
210,1500016-23.2020.8.26.0633
211,1500017-74.2021.8.26.0050
212,1500018-16.2021.8.26.0420
213,1500022-47.2022.8.26.0540
214,1500022-51.2019.8.26.0120
215,1500022-91.2022.8.26.0396
216,1500023-08.2022.8.26.0063
217,1500024-17.2022.8.26.0540
218,1500024-47.2022.8.26.0530
219,1500026-42.2021.8.26.0048
220,1500026-80.2022.8.26.0218
221,1500028-12.2022.8.26.0360
222,1500028-69.2022.8.26.0632
223,1500029-45.2022.8.26.0344
224,1500030-59.2022.8.26.0205
225,1500030-97.2021.8.26.0333
226,1500033-84.2021.8.26.0484
227,1500034-41.2021.8.26.0655
228,1500034-56.2022.8.26.0574
229,1500034-88.2022.8.26.0531
230,1500035-22.2022.8.26.0548
231,1500035-27.2022.8.26.0611
232,1500036-08.2019.8.26.0420
233,1500036-12.2022.8.26.0611
234,1500036-52.2022.8.26.0048
235,1500037-05.2019.8.26.0319
236,1500037-66.2022.8.26.0491
237,1500037-81.2022.8.26.0583
238,1500038-66.2022.8.26.0583
239,1500038-90.2020.8.26.0242
240,1500040-12.2020.8.26.0452
241,1500040-48.2020.8.26.0246
242,1500043-10.2019.8.26.0352
243,1500043-29.2021.8.26.0420
244,1500043-38.2022.8.26.0341
245,1500044-90.2020.8.26.0600
246,1500045-58.2022.8.26.0583
247,1500047-12.2022.8.26.0556
248,1500047-22.2022.8.26.0585
249,1500047-57.2021.8.26.0326
250,1500047-67.2021.8.26.0452
251,1500048-38.2022.8.26.0607
252,1500051-78.2021.8.26.0493
253,1500052-08.2021.8.26.0382
254,1500053-12.2022.8.26.0623
255,1500053-35.2022.8.26.0583
256,1500053-45.2020.8.26.0570
257,1500054-36.2022.8.26.0610
258,1500057-39.2020.8.26.0067
259,1500057-58.2020.8.26.0481
260,1500060-83.2021.8.26.0414
261,1500061-11.2022.8.26.0551
262,1500062-67.2019.8.26.0626
263,1500064-46.2020.8.26.0062
264,1500067-55.2020.8.26.0238
265,1500067-81.2022.8.26.0530
266,1500069-96.2022.8.26.0612
267,1500070-53.2021.8.26.0180
268,1500072-39.2019.8.26.0165
269,1500073-34.2022.8.26.0548
270,1500073-92.2022.8.26.0561
271,1500073-93.2022.8.26.0593
272,1500074-55.2022.8.26.0536
273,1500074-87.2020.8.26.0548
274,1500075-65.2022.8.26.0366
275,1500077-12.2022.8.26.0600
276,1500080-70.2019.8.26.0535
277,1500081-07.2021.8.26.0205
278,1500081-72.2022.8.26.0560
279,1500083-03.2020.8.26.0531
280,1500083-05.2022.8.26.0540
281,1500084-55.2022.8.26.0486
282,1500085-87.2022.8.26.0535
283,1500086-24.2021.8.26.0530
284,1500086-71.2022.8.26.0600
285,1500088-29.2022.8.26.0604
286,1500088-39.2022.8.26.0633
287,1500088-73.2021.8.26.0536
288,1500089-36.2022.8.26.0144
289,1500090-86.2021.8.26.0651
290,1500091-06.2022.8.26.0144
291,1500093-14.2021.8.26.0272
292,1500094-38.2022.8.26.0571
293,1500094-54.2020.8.26.0653
294,1500096-50.2020.8.26.0030
295,1500097-76.2022.8.26.0414
296,1500097-91.2022.8.26.0603
297,1500098-61.2019.8.26.0545
298,1500099-39.2020.8.26.0536
299,1500100-52.2022.8.26.0213
300,1500101-76.2021.8.26.0470
301,1500102-20.2021.8.26.0128
302,1500102-34.2021.8.26.0382
303,1500102-73.2019.8.26.0618
304,1500104-75.2022.8.26.0638
305,1500104-76.2020.8.26.0531
306,1500105-81.2021.8.26.0416
307,1500106-21.2022.8.26.0646
308,1500106-23.2022.8.26.0613
309,1500107-18.2020.8.26.0600
310,1500107-27.2020.8.26.0306
311,1500114-39.2021.8.26.0094
312,1500114-46.2022.8.26.0048
313,1500114-84.2022.8.26.0585
314,1500114-89.2021.8.26.0627
315,1500114-92.2022.8.26.0453
316,1500115-28.2021.8.26.0610
317,1500115-67.2022.8.26.0618
318,1500117-35.2021.8.26.0242
319,1500118-37.2018.8.26.0626
320,1500119-79.2022.8.26.0594
321,1500120-23.2020.8.26.0598
322,1500121-45.2021.8.26.0542
323,1500121-72.2021.8.26.0242
324,1500122-81.2022.8.26.0546
325,1500123-70.2021.8.26.0653
326,1500123-88.2022.8.26.0474
327,1500124-08.2021.8.26.0022
328,1500124-21.2022.8.26.0556
329,1500124-59.2022.8.26.0608
330,1500125-41.2021.8.26.0491
331,1500126-12.2022.8.26.0646
332,1500127-65.2021.8.26.0279
333,1500129-03.2021.8.26.0322
334,1500130-58.2022.8.26.0546
335,1500130-75.2022.8.26.0605
336,1500130-95.2020.8.26.0621
337,1500132-61.2022.8.26.0535
338,1500132-94.2022.8.26.0621
339,1500133-58.2022.8.26.0628
340,1500134-56.2021.8.26.0344
341,1500135-76.2019.8.26.0549
342,1500136-47.2021.8.26.0531
343,1500136-59.2022.8.26.0548
344,1500137-04.2021.8.26.0605
345,1500137-09.2021.8.26.0474
346,1500139-79.2022.8.26.0591
347,1500140-85.2021.8.26.0660
348,1500140-87.2019.8.26.0585
349,1500141-41.2022.8.26.0238
350,1500142-24.2021.8.26.0541
351,1500144-67.2021.8.26.0646
352,1500145-43.2021.8.26.0067
353,1500147-11.2019.8.26.0543
354,1500148-15.2022.8.26.0632
355,1500148-45.2022.8.26.0622
356,1500149-45.2022.8.26.0617
357,1500149-87.2022.8.26.0603
358,1500151-38.2020.8.26.0050
359,1500151-78.2020.8.26.0651
360,1500153-42.2022.8.26.0598
361,1500153-85.2021.8.26.0498
362,1500155-08.2019.8.26.0019
363,1500155-45.2022.8.26.0587
364,1500157-25.2022.8.26.0228
365,1500157-31.2021.8.26.0205
366,1500157-89.2022.8.26.0530
367,1500158-13.2022.8.26.0615
368,1500158-51.2021.8.26.0646
369,1500159-87.2020.8.26.0414
370,1500160-95.2022.8.26.0416
371,1500161-48.2021.8.26.0632
372,1500162-88.2021.8.26.0646
373,1500165-52.2021.8.26.0546
374,1500165-77.2022.8.26.0591
375,1500166-50.2022.8.26.0595
376,1500169-79.2020.8.26.0205
377,1500170-21.2022.8.26.0617
378,1500170-28.2022.8.26.0550
379,1500171-84.2022.8.26.0591
380,1500172-20.2020.8.26.0630
381,1500172-55.2021.8.26.0510
382,1500173-85.2022.8.26.0613
383,1500173-91.2022.8.26.0611
384,1500174-13.2021.8.26.0611
385,1500178-23.2021.8.26.0620
386,1500178-67.2019.8.26.0628
387,1500181-36.2022.8.26.0557
388,1500183-44.2021.8.26.0491
389,1500183-47.2022.8.26.0608
390,1500183-77.2022.8.26.0598
391,1500185-41.2021.8.26.0579
392,1500186-61.2022.8.26.0556
393,1500186-69.2022.8.26.0618
394,1500189-32.2022.8.26.0583
395,1500190-32.2022.8.26.0481
396,1500190-53.2021.8.26.0453
397,1500191-28.2021.8.26.0424
398,1500192-65.2021.8.26.0536
399,1500193-89.2022.8.26.0544
400,1500194-71.2020.8.26.0600
401,1500199-72.2022.8.26.0552
402,1500202-90.2022.8.26.0628
403,1500203-58.2019.8.26.0603
404,1500203-63.2021.8.26.0611
405,1500203-95.2020.8.26.0547
406,1500205-81.2018.8.26.0435
407,1500206-03.2021.8.26.0228
408,1500206-04.2021.8.26.0551
409,1500206-54.2021.8.26.0599
410,1500207-27.2021.8.26.0603
411,1500207-49.2022.8.26.0552
412,1500207-62.2020.8.26.0150
413,1500207-79.2022.8.26.0542
414,1500207-94.2020.8.26.0301
415,1500208-81.2022.8.26.0019
416,1500209-21.2022.8.26.0228
417,1500209-85.2020.8.26.0197
418,1500210-86.2022.8.26.0266
419,1500213-72.2021.8.26.0558
420,1500216-53.2018.8.26.0551
421,1500216-83.2019.8.26.0077
422,1500216-95.2021.8.26.0600
423,1500220-34.2022.8.26.0589
424,1500220-96.2022.8.26.0536
425,1500223-75.2020.8.26.0486
426,1500225-69.2020.8.26.0575
427,1500226-16.2021.8.26.0544
428,1500228-92.2021.8.26.0444
429,1500229-50.2021.8.26.0550
430,1500229-51.2022.8.26.0603
431,1500230-16.2022.8.26.0545
432,1500230-39.2019.8.26.0248
433,1500231-90.2022.8.26.0095
434,1500232-28.2022.8.26.0628
435,1500233-51.2022.8.26.0583
436,1500233-52.2021.8.26.0594
437,1500233-92.2022.8.26.0537
438,1500235-02.2019.8.26.0591
439,1500235-50.2022.8.26.0638
440,1500235-56.2020.8.26.0594
441,1500236-19.2020.8.26.0569
442,1500236-52.2020.8.26.0655
443,1500238-21.2020.8.26.0623
444,1500238-84.2019.8.26.0484
445,1500239-45.2020.8.26.0416
446,1500239-74.2022.8.26.0416
447,1500242-50.2022.8.26.0603
448,1500244-51.2022.8.26.0431
449,1500246-67.2022.8.26.0642
450,1500246-94.2021.8.26.0612
451,1500248-09.2021.8.26.0598
452,1500249-37.2022.8.26.0540
453,1500249-57.2022.8.26.0598
454,1500249-61.2019.8.26.0275
455,1500251-23.2022.8.26.0567
456,1500253-45.2021.8.26.0076
457,1500253-62.2022.8.26.0544
458,1500255-51.2021.8.26.0646
459,1500257-11.2021.8.26.0617
460,1500257-63.2021.8.26.0535
461,1500257-63.2022.8.26.0653
462,1500258-79.2022.8.26.0578
463,1500259-77.2022.8.26.0024
464,1500260-90.2019.8.26.0275
465,1500261-57.2019.8.26.0572
466,1500262-31.2021.8.26.0165
467,1500262-83.2020.8.26.0062
468,1500265-41.2019.8.26.0622
469,1500266-50.2019.8.26.0129
470,1500267-21.2022.8.26.0617
471,1500267-85.2021.8.26.0607
472,1500269-47.2021.8.26.0642
473,1500270-74.2020.8.26.0607
474,1500271-09.2019.8.26.0247
475,1500273-70.2022.8.26.0603
476,1500275-81.2021.8.26.0536
477,1500276-44.2021.8.26.0220
478,1500277-69.2021.8.26.0530
479,1500279-39.2022.8.26.0551
480,1500281-66.2022.8.26.0435
481,1500283-08.2021.8.26.0585
482,1500283-45.2021.8.26.0605
483,1500283-81.2019.8.26.0551
484,1500289-30.2020.8.26.0559
485,1500290-36.2021.8.26.0573
486,1500290-86.2022.8.26.0642
487,1500292-27.2022.8.26.0587
488,1500292-39.2022.8.26.0583
489,1500292-54.2019.8.26.0612
490,1500295-18.2021.8.26.0360
491,1500295-58.2021.8.26.0185
492,1500297-08.2022.8.26.0536
493,1500297-28.2022.8.26.0594
494,1500297-56.2019.8.26.0069
495,1500299-10.2021.8.26.0569
496,1500300-16.2021.8.26.0368
497,1500303-76.2019.8.26.0582
498,1500304-60.2021.8.26.0592
499,1500304-97.2022.8.26.0536
500,1500305-97.2020.8.26.0101
501,1500306-35.2022.8.26.0288
502,1500307-26.2020.8.26.0632
503,1500307-41.2021.8.26.0551
504,1500307-45.2021.8.26.0097
505,1500307-60.2020.8.26.0071
506,1500308-80.2022.8.26.0069
507,1500310-84.2020.8.26.0630
508,1500311-10.2021.8.26.0315
509,1500313-23.2022.8.26.0160
510,1500313-86.2021.8.26.0603
511,1500313-96.2021.8.26.0632
512,1500315-90.2022.8.26.0548
513,1500316-50.2021.8.26.0600
514,1500320-50.2020.8.26.0559
515,1500321-08.2022.8.26.0416
516,1500321-71.2021.8.26.0083
517,1500321-82.2018.8.26.0275
518,1500321-88.2022.8.26.0648
519,1500322-04.2021.8.26.0553
520,1500322-44.2022.8.26.0593
521,1500323-04.2021.8.26.0160
522,1500323-78.2021.8.26.0491
523,1500324-34.2019.8.26.0491
524,1500325-27.2019.8.26.0165
525,1500325-93.2021.8.26.0573
526,1500332-21.2022.8.26.0583
527,1500334-93.2022.8.26.0549
528,1500335-12.2021.8.26.0453
529,1500336-53.2022.8.26.0326
530,1500338-25.2021.8.26.0563
531,1500338-29.2021.8.26.0594
532,1500338-45.2022.8.26.0545
533,1500339-87.2022.8.26.0526
534,1500343-34.2022.8.26.0168
535,1500343-79.2020.8.26.0111
536,1500344-67.2022.8.26.0540
537,1500345-29.2022.8.26.0580
538,1500345-37.2022.8.26.0545
539,1500345-64.2022.8.26.0536
540,1500348-24.2019.8.26.0536
541,1500348-60.2022.8.26.0587
542,1500348-73.2020.8.26.0185
543,1500351-47.2019.8.26.0578
544,1500351-86.2021.8.26.0510
545,1500359-32.2022.8.26.0024
546,1500359-62.2019.8.26.0533
547,1500360-21.2021.8.26.0616
548,1500363-07.2019.8.26.0111
549,1500364-78.2020.8.26.0653
550,1500367-30.2022.8.26.0599
551,1500367-90.2019.8.26.0322
552,1500369-07.2021.8.26.0608
553,1500371-49.2020.8.26.0369
554,1500373-44.2019.8.26.0275
555,1500373-88.2020.8.26.0540
556,1500374-78.2022.8.26.0548
557,1500376-30.2021.8.26.0630
558,1500376-51.2020.8.26.0699
559,1500377-72.2022.8.26.0535
560,1500378-38.2022.8.26.0024
561,1500379-45.2018.8.26.0450
562,1500379-51.2022.8.26.0629
563,1500380-09.2019.8.26.0187
564,1500386-10.2020.8.26.0598
565,1500389-34.2022.8.26.0617
566,1500391-25.2020.8.26.0180
567,1500391-56.2022.8.26.0535
568,1500391-65.2019.8.26.0275
569,1500392-47.2022.8.26.0533
570,1500392-86.2022.8.26.0617
571,1500393-16.2022.8.26.0603
572,1500393-43.2020.8.26.0067
573,1500394-63.2021.8.26.0626
574,1500395-96.2021.8.26.0319
575,1500396-14.2018.8.26.0537
576,1500398-57.2019.8.26.0275
577,1500399-18.2022.8.26.0540
578,1500402-49.2022.8.26.0547
579,1500403-09.2019.8.26.0169
580,1500403-15.2022.8.26.0618
581,1500404-56.2021.8.26.0546
582,1500405-38.2021.8.26.0547
583,1500406-95.2022.8.26.0544
584,1500407-77.2019.8.26.0288
585,1500408-83.2022.8.26.0344
586,1500409-04.2022.8.26.0236
587,1500409-71.2022.8.26.0246
588,1500410-40.2022.8.26.0510
589,1500411-64.2022.8.26.0594
590,1500412-32.2021.8.26.0514
591,1500414-04.2021.8.26.0578
592,1500414-26.2021.8.26.0603
593,1500414-93.2021.8.26.0322
594,1500415-17.2021.8.26.0019
595,1500418-02.2019.8.26.0452
596,1500422-02.2020.8.26.0550
597,1500422-33.2021.8.26.0593
598,1500422-45.2022.8.26.0222
599,1500422-46.2022.8.26.0642
600,1500427-07.2022.8.26.0533
601,1500427-12.2021.8.26.0575
602,1500428-29.2021.8.26.0435
603,1500428-80.2021.8.26.0612
604,1500429-05.2021.8.26.0244
605,1500432-06.2018.8.26.0586
606,1500433-53.2021.8.26.0111
607,1500436-37.2018.8.26.0006
608,1500438-28.2021.8.26.0062
609,1500438-86.2022.8.26.0484
610,1500438-93.2020.8.26.0666
611,1500439-78.2020.8.26.0666
612,1500440-45.2020.8.26.0575
613,1500441-21.2019.8.26.0072
614,1500442-86.2021.8.26.0540
615,1500443-57.2020.8.26.0653
616,1500444-42.2022.8.26.0404
617,1500444-71.2022.8.26.0168
618,1500445-72.2022.8.26.0583
619,1500447-40.2022.8.26.0228
620,1500447-42.2022.8.26.0583
621,1500448-34.2021.8.26.0495
622,1500450-33.2021.8.26.0550
623,1500451-55.2021.8.26.0279
624,1500452-14.2021.8.26.0417
625,1500454-82.2022.8.26.0567
626,1500457-47.2020.8.26.0360
627,1500457-53.2022.8.26.0594
628,1500460-54.2019.8.26.0257
629,1500461-83.2019.8.26.0210
630,1500462-48.2022.8.26.0603
631,1500464-05.2022.8.26.0575
632,1500468-50.2021.8.26.0616
633,1500469-66.2020.8.26.0617
634,1500471-47.2020.8.26.0581
635,1500472-10.2021.8.26.0286
636,1500473-02.2020.8.26.0586
637,1500473-52.2020.8.26.0537
638,1500475-23.2020.8.26.0278
639,1500475-63.2022.8.26.0630
640,1500476-47.2021.8.26.0383
641,1500476-91.2020.8.26.0024
642,1500478-07.2021.8.26.0548
643,1500481-35.2021.8.26.0653
644,1500482-24.2021.8.26.0587
645,1500483-03.2022.8.26.0416
646,1500483-58.2021.8.26.0603
647,1500488-67.2021.8.26.0575
648,1500491-06.2019.8.26.0118
649,1500493-05.2021.8.26.0118
650,1500493-54.2021.8.26.0619
651,1500497-12.2022.8.26.0537
652,1500497-30.2022.8.26.0628
653,1500499-24.2021.8.26.0114
654,1500499-62.2022.8.26.0575
655,1500501-72.2019.8.26.0531
656,1500501-75.2020.8.26.0551
657,1500502-30.2022.8.26.0603
658,1500502-55.2022.8.26.0530
659,1500503-19.2022.8.26.0537
660,1500504-91.2018.8.26.0424
661,1500504-97.2019.8.26.0637
662,1500506-32.2021.8.26.0626
663,1500506-93.2018.8.26.0575
664,1500514-39.2022.8.26.0540
665,1500518-05.2021.8.26.0575
666,1500521-52.2020.8.26.0491
667,1500522-61.2021.8.26.0213
668,1500523-13.2021.8.26.0418
669,1500524-59.2022.8.26.0548
670,1500526-73.2020.8.26.0071
671,1500526-73.2020.8.26.0653
672,1500527-70.2022.8.26.0594
673,1500527-93.2021.8.26.0630
674,1500535-15.2021.8.26.0228
675,1500535-53.2020.8.26.0453
676,1500536-06.2019.8.26.0572
677,1500536-27.2022.8.26.0434
678,1500536-38.2020.8.26.0453
679,1500536-85.2022.8.26.0544
680,1500537-34.2022.8.26.0168
681,1500538-84.2021.8.26.0578
682,1500540-19.2022.8.26.0546
683,1500542-27.2019.8.26.0535
684,1500544-59.2022.8.26.0545
685,1500545-35.2022.8.26.0548
686,1500546-48.2022.8.26.0571
687,1500548-87.2022.8.26.0548
688,1500549-42.2021.8.26.0537
689,1500552-30.2019.8.26.0484
690,1500553-73.2019.8.26.0594
691,1500554-03.2018.8.26.0559
692,1500555-36.2021.8.26.0218
693,1500558-21.2022.8.26.0617
694,1500558-25.2021.8.26.0530
695,1500558-41.2021.8.26.0557
696,1500559-03.2022.8.26.0618
697,1500559-89.2021.8.26.0439
698,1500560-49.2021.8.26.0415
699,1500561-53.2020.8.26.0032
700,1500562-10.2022.8.26.0536
701,1500562-73.2019.8.26.0452
702,1500562-93.2020.8.26.0531
703,1500565-12.2021.8.26.0079
704,1500565-89.2021.8.26.0603
705,1500568-98.2019.8.26.0543
706,1500571-87.2022.8.26.0530
707,1500573-36.2022.8.26.0537
708,1500575-57.2022.8.26.0617
709,1500576-06.2022.8.26.0047
710,1500580-32.2021.8.26.0062
711,1500581-36.2022.8.26.0594
712,1500582-66.2020.8.26.0246
713,1500583-20.2022.8.26.0266
714,1500585-41.2022.8.26.0540
715,1500586-11.2022.8.26.0545
716,1500587-43.2022.8.26.0594
717,1500588-94.2021.8.26.0551
718,1500591-11.2022.8.26.0326
719,1500592-37.2022.8.26.0571
720,1500592-70.2019.8.26.0594
721,1500594-63.2022.8.26.0617
722,1500595-87.2021.8.26.0583
723,1500599-79.2019.8.26.0071
724,1500600-03.2022.8.26.0510
725,1500603-29.2021.8.26.0627
726,1500604-23.2019.8.26.0097
727,1500604-58.2022.8.26.0019
728,1500604-71.2021.8.26.0220
729,1500608-17.2021.8.26.0024
730,1500608-52.2020.8.26.0541
731,1500611-02.2022.8.26.0617
732,1500614-57.2022.8.26.0616
733,1500614-77.2021.8.26.0653
734,1500615-91.2022.8.26.0535
735,1500616-84.2019.8.26.0146
736,1500617-22.2022.8.26.0548
737,1500618-71.2022.8.26.0559
738,1500619-75.2021.8.26.0079
739,1500620-55.2021.8.26.0210
740,1500623-95.2021.8.26.0408
741,1500625-23.2021.8.26.0228
742,1500626-74.2021.8.26.0594
743,1500630-21.2019.8.26.0097
744,1500632-03.2022.8.26.0544
745,1500633-75.2019.8.26.0549
746,1500634-58.2022.8.26.0063
747,1500636-49.2021.8.26.0617
748,1500639-23.2022.8.26.0664
749,1500642-45.2021.8.26.0653
750,1500642-68.2022.8.26.0537
751,1500643-12.2022.8.26.0583
752,1500644-09.2020.8.26.0537
753,1500644-39.2022.8.26.0666
754,1500648-43.2021.8.26.0462
755,1500651-79.2020.8.26.0123
756,1500653-45.2021.8.26.0404
757,1500654-38.2020.8.26.0542
758,1500655-16.2018.8.26.0567
759,1500655-42.2020.8.26.0471
760,1500655-44.2020.8.26.0535
761,1500659-47.2022.8.26.0168
762,1500659-78.2020.8.26.0536
763,1500660-85.2019.8.26.0346
764,1500661-50.2022.8.26.0545
765,1500661-70.2022.8.26.0603
766,1500664-93.2022.8.26.0548
767,1500665-10.2022.8.26.0603
768,1500666-02.2022.8.26.0536
769,1500666-89.2021.8.26.0583
770,1500667-28.2020.8.26.0545
771,1500669-27.2022.8.26.0642
772,1500677-05.2021.8.26.0556
773,1500679-38.2020.8.26.0417
774,1500680-17.2021.8.26.0537
775,1500680-42.2021.8.26.0270
776,1500682-28.2021.8.26.0491
777,1500682-80.2021.8.26.0603
778,1500684-26.2022.8.26.0535
779,1500684-28.2021.8.26.0481
780,1500684-30.2021.8.26.0545
781,1500687-43.2020.8.26.0537
782,1500688-16.2022.8.26.0583
783,1500688-63.2022.8.26.0535
784,1500690-15.2021.8.26.0617
785,1500691-18.2022.8.26.0535
786,1500695-57.2021.8.26.0481
787,1500695-90.2022.8.26.0491
788,1500697-93.2020.8.26.0535
789,1500700-83.2020.8.26.0297
790,1500706-18.2022.8.26.0266
791,1500707-69.2022.8.26.0535
792,1500710-69.2022.8.26.0617
793,1500711-59.2022.8.26.0583
794,1500711-69.2020.8.26.0279
795,1500716-73.2022.8.26.0618
796,1500717-10.2022.8.26.0537
797,1500719-15.2021.8.26.0569
798,1500721-55.2022.8.26.0599
799,1500723-90.2022.8.26.0545
800,1500724-02.2022.8.26.0537
801,1500725-11.2020.8.26.0099
802,1500727-57.2022.8.26.0536
803,1500728-85.2019.8.26.0491
804,1500729-98.2021.8.26.0653
805,1500731-11.2021.8.26.0575
806,1500732-97.2022.8.26.0530
807,1500733-69.2021.8.26.0481
808,1500734-68.2021.8.26.0638
809,1500740-59.2022.8.26.0535
810,1500744-03.2022.8.26.0081
811,1500744-78.2021.8.26.0617
812,1500745-15.2021.8.26.0439
813,1500745-81.2022.8.26.0535
814,1500750-25.2020.8.26.0228
815,1500751-90.2021.8.26.0481
816,1500753-10.2021.8.26.0530
817,1500753-40.2021.8.26.0617
818,1500753-74.2019.8.26.0111
819,1500753-90.2020.8.26.0062
820,1500754-40.2022.8.26.0536
821,1500757-68.2020.8.26.0114
822,1500760-16.2022.8.26.0320
823,1500765-89.2022.8.26.0594
824,1500766-70.2021.8.26.0542
825,1500767-67.2021.8.26.0150
826,1500769-68.2021.8.26.0366
827,1500769-81.2021.8.26.0491
828,1500771-66.2020.8.26.0077
829,1500774-81.2021.8.26.0272
830,1500780-60.2021.8.26.0540
831,1500784-17.2018.8.26.0536
832,1500785-53.2022.8.26.0603
833,1500788-57.2021.8.26.0210
834,1500789-27.2022.8.26.0236
835,1500790-19.2021.8.26.0536
836,1500790-74.2022.8.26.0571
837,1500792-89.2021.8.26.0535
838,1500795-39.2022.8.26.0396
839,1500795-60.2022.8.26.0583
840,1500796-24.2022.8.26.0396
841,1500796-43.2022.8.26.0228
842,1500796-78.2021.8.26.0648
843,1500797-43.2021.8.26.0396
844,1500800-42.2022.8.26.0079
845,1500800-62.2021.8.26.0407
846,1500801-44.2021.8.26.0311
847,1500804-63.2022.8.26.0537
848,1500806-05.2021.8.26.0396
849,1500809-39.2020.8.26.0575
850,1500809-95.2021.8.26.0545
851,1500811-06.2022.8.26.0618
852,1500811-61.2021.8.26.0417
853,1500814-69.2019.8.26.0228
854,1500814-84.2022.8.26.0577
855,1500817-19.2022.8.26.0616
856,1500820-91.2021.8.26.0556
857,1500821-08.2022.8.26.0535
858,1500822-58.2020.8.26.0536
859,1500823-27.2020.8.26.0024
860,1500824-72.2022.8.26.0628
861,1500826-41.2019.8.26.0630
862,1500826-63.2018.8.26.0537
863,1500827-83.2021.8.26.0556
864,1500828-04.2021.8.26.0545
865,1500828-59.2019.8.26.0032
866,1500831-75.2021.8.26.0571
867,1500832-34.2022.8.26.0439
868,1500832-82.2022.8.26.0617
869,1500834-58.2018.8.26.0628
870,1500834-89.2022.8.26.0540
871,1500839-45.2020.8.26.0617
872,1500840-66.2021.8.26.0238
873,1500842-53.2021.8.26.0491
874,1500844-66.2022.8.26.0530
875,1500845-92.2020.8.26.0248
876,1500849-67.2022.8.26.0537
877,1500851-30.2021.8.26.0583
878,1500851-93.2022.8.26.0583
879,1500854-09.2019.8.26.0242
880,1500855-46.2021.8.26.0008
881,1500856-81.2021.8.26.0541
882,1500857-83.2020.8.26.0482
883,1500859-17.2022.8.26.0536
884,1500863-26.2021.8.26.0201
885,1500863-42.2022.8.26.0540
886,1500863-63.2019.8.26.0082
887,1500864-70.2021.8.26.0537
888,1500869-66.2021.8.26.0481
889,1500872-59.2021.8.26.0242
890,1500877-27.2022.8.26.0572
891,1500878-30.2021.8.26.0545
892,1500878-61.2021.8.26.0082
893,1500878-96.2022.8.26.0544
894,1500880-45.2018.8.26.0079
895,1500882-40.2020.8.26.0242
896,1500882-48.2022.8.26.0540
897,1500886-02.2021.8.26.0288
898,1500886-07.2021.8.26.0545
899,1500887-44.2021.8.26.0366
900,1500887-72.2020.8.26.0077
901,1500887-87.2019.8.26.0536
902,1500889-42.2021.8.26.0583
903,1500892-93.2021.8.26.0648
904,1500899-38.2020.8.26.0481
905,1500899-53.2021.8.26.0594
906,1500904-28.2021.8.26.0545
907,1500907-54.2022.8.26.0510
908,1500909-33.2021.8.26.0583
909,1500911-13.2022.8.26.0439
910,1500916-57.2020.8.26.0228
911,1500924-39.2022.8.26.0236
912,1500925-75.2022.8.26.0510
913,1500926-67.2022.8.26.0540
914,1500930-28.2020.8.26.0297
915,1500931-73.2021.8.26.0201
916,1500934-10.2022.8.26.0228
917,1500949-19.2022.8.26.0344
918,1500950-55.2022.8.26.0618
919,1500950-75.2020.8.26.0537
920,1500956-09.2022.8.26.0571
921,1500957-62.2019.8.26.0356
922,1500959-59.2021.8.26.0583
923,1500960-61.2020.8.26.0621
924,1500965-78.2021.8.26.0482
925,1500970-38.2021.8.26.0438
926,1500971-04.2022.8.26.0530
927,1500979-80.2022.8.26.0594
928,1500980-82.2021.8.26.0438
929,1500980-84.2021.8.26.0599
930,1500981-67.2021.8.26.0535
931,1500983-64.2020.8.26.0408
932,1500990-12.2022.8.26.0594
933,1500998-03.2022.8.26.0266
934,1500998-92.2021.8.26.0571
935,1501000-77.2021.8.26.0081
936,1501005-48.2021.8.26.0583
937,1501005-67.2021.8.26.0318
938,1501005-91.2019.8.26.0462
939,1501007-13.2022.8.26.0541
940,1501008-16.2019.8.26.0666
941,1501009-49.2022.8.26.0616
942,1501012-22.2021.8.26.0104
943,1501018-89.2019.8.26.0430
944,1501022-04.2022.8.26.0081
945,1501024-49.2021.8.26.0617
946,1501027-92.2020.8.26.0599
947,1501029-28.2020.8.26.0481
948,1501041-06.2022.8.26.0535
949,1501042-10.2020.8.26.0228
950,1501042-36.2022.8.26.0617
951,1501044-35.2021.8.26.0360
952,1501045-93.2020.8.26.0541
953,1501046-58.2021.8.26.0407
954,1501047-61.2022.8.26.0228
955,1501049-67.2021.8.26.0583
956,1501049-84.2021.8.26.0545
957,1501053-35.2022.8.26.0530
958,1501053-43.2021.8.26.0571
959,1501059-66.2019.8.26.0459
960,1501059-94.2021.8.26.0621
961,1501072-20.2021.8.26.0322
962,1501072-96.2021.8.26.0038
963,1501075-65.2021.8.26.0583
964,1501083-37.2021.8.26.0617
965,1501088-77.2022.8.26.0535
966,1501091-05.2022.8.26.0544
967,1501094-57.2021.8.26.0038
968,1501098-89.2020.8.26.0536
969,1501106-64.2019.8.26.0063
970,1501107-98.2021.8.26.0024
971,1501108-21.2020.8.26.0541
972,1501111-65.2022.8.26.0618
973,1501118-30.2022.8.26.0530
974,1501121-28.2022.8.26.0548
975,1501122-67.2022.8.26.0530
976,1501124-07.2022.8.26.0540
977,1501126-21.2020.8.26.0548
978,1501126-93.2021.8.26.0545
979,1501132-93.2022.8.26.0536
980,1501132-95.2019.8.26.0537
981,1501134-07.2019.8.26.0621
982,1501138-16.2019.8.26.0210
983,1501139-69.2022.8.26.0024
984,1501140-78.2019.8.26.0535
985,1501142-89.2021.8.26.0628
986,1501147-63.2019.8.26.0408
987,1501148-62.2021.8.26.0510
988,1501149-93.2022.8.26.0548
989,1501152-03.2020.8.26.0618
990,1501153-30.2019.8.26.0583
991,1501153-36.2020.8.26.0408
992,1501154-09.2018.8.26.0079
993,1501155-48.2019.8.26.0567
994,1501158-42.2022.8.26.0617
995,1501166-13.2019.8.26.0168
996,1501169-41.2022.8.26.0530
997,1501169-46.2021.8.26.0572
998,1501173-45.2021.8.26.0617
999,1501176-58.2021.8.26.0630
1000,1501178-10.2019.8.26.0594
1001,1501186-05.2021.8.26.0630
1002,1501187-15.2020.8.26.0536
1003,1501192-39.2021.8.26.0621
1004,1501195-06.2022.8.26.0541
1005,1501200-61.2022.8.26.0530
1006,1501208-81.2022.8.26.0548
1007,1501218-60.2021.8.26.0581
1008,1501221-15.2021.8.26.0581
1009,1501223-78.2022.8.26.0571
1010,1501225-38.2022.8.26.0542
1011,1501227-40.2019.8.26.0048
1012,1501231-70.2021.8.26.0545
1013,1501235-30.2021.8.26.0603
1014,1501236-06.2022.8.26.0530
1015,1501238-37.2021.8.26.0618
1016,1501238-40.2021.8.26.0617
1017,1501241-41.2021.8.26.0537
1018,1501242-66.2020.8.26.0050
1019,1501243-32.2021.8.26.0530
1020,1501245-69.2021.8.26.0540
1021,1501247-66.2019.8.26.0004
1022,1501253-51.2021.8.26.0603
1023,1501253-61.2022.8.26.0168
1024,1501258-97.2022.8.26.0228
1025,1501262-04.2021.8.26.0024
1026,1501264-68.2022.8.26.0628
1027,1501265-47.2020.8.26.0297
1028,1501269-37.2021.8.26.0269
1029,1501269-67.2022.8.26.0571
1030,1501274-73.2022.8.26.0544
1031,1501280-04.2022.8.26.0537
1032,1501286-41.2021.8.26.0603
1033,1501291-59.2019.8.26.0530
1034,1501297-40.2022.8.26.0537
1035,1501297-66.2020.8.26.0648
1036,1501301-87.2022.8.26.0081
1037,1501307-42.2020.8.26.0024
1038,1501308-36.2022.8.26.0548
1039,1501309-60.2021.8.26.0320
1040,1501310-49.2021.8.26.0545
1041,1501314-17.2022.8.26.0201
1042,1501314-33.2022.8.26.0616
1043,1501316-52.2018.8.26.0548
1044,1501324-57.2022.8.26.0073
1045,1501331-03.2021.8.26.0617
1046,1501335-19.2022.8.26.0548
1047,1501336-20.2020.8.26.0242
1048,1501336-67.2021.8.26.0603
1049,1501341-16.2022.8.26.0228
1050,1501347-18.2020.8.26.0220
1051,1501347-73.2022.8.26.0567
1052,1501349-90.2022.8.26.0228
1053,1501350-21.2021.8.26.0322
1054,1501350-27.2022.8.26.0535
1055,1501355-46.2022.8.26.0536
1056,1501357-44.2021.8.26.0344
1057,1501358-98.2022.8.26.0536
1058,1501360-98.2021.8.26.0408
1059,1501361-79.2021.8.26.0571
1060,1501363-38.2021.8.26.0510
1061,1501364-62.2021.8.26.0594
1062,1501366-16.2021.8.26.0567
1063,1501367-28.2020.8.26.0537
1064,1501373-89.2020.8.26.0616
1065,1501382-91.2021.8.26.0559
1066,1501383-52.2021.8.26.0567
1067,1501384-17.2021.8.26.0024
1068,1501385-45.2022.8.26.0548
1069,1501385-74.2022.8.26.0603
1070,1501386-93.2021.8.26.0603
1071,1501387-93.2018.8.26.0050
1072,1501392-61.2021.8.26.0228
1073,1501393-77.2021.8.26.0541
1074,1501393-89.2021.8.26.0537
1075,1501396-65.2020.8.26.0024
1076,1501401-02.2022.8.26.0062
1077,1501402-39.2021.8.26.0541
1078,1501404-63.2022.8.26.0544
1079,1501411-33.2022.8.26.0616
1080,1501412-63.2022.8.26.0019
1081,1501413-04.2021.8.26.0530
1082,1501415-13.2022.8.26.0344
1083,1501415-22.2022.8.26.0535
1084,1501418-13.2018.8.26.0536
1085,1501423-62.2021.8.26.0396
1086,1501430-32.2020.8.26.0544
1087,1501437-31.2022.8.26.0228
1088,1501440-41.2020.8.26.0394
1089,1501443-84.2022.8.26.0536
1090,1501447-09.2021.8.26.0617
1091,1501447-90.2019.8.26.0548
1092,1501449-66.2020.8.26.0567
1093,1501452-64.2022.8.26.0530
1094,1501456-71.2022.8.26.0540
1095,1501458-74.2018.8.26.0445
1096,1501460-22.2022.8.26.0407
1097,1501460-61.2021.8.26.0082
1098,1501460-73.2022.8.26.0196
1099,1501462-72.2018.8.26.0361
1100,1501467-28.2022.8.26.0079
1101,1501467-33.2022.8.26.0530
1102,1501472-56.2021.8.26.0541
1103,1501478-98.2021.8.26.0594
1104,1501483-93.2021.8.26.0603
1105,1501491-88.2022.8.26.0618
1106,1501506-85.2022.8.26.0544
1107,1501507-82.2022.8.26.0540
1108,1501507-90.2021.8.26.0581
1109,1501509-18.2022.8.26.0228
1110,1501519-14.2021.8.26.0320
1111,1501529-40.2021.8.26.0617
1112,1501532-71.2022.8.26.0548
1113,1501535-70.2021.8.26.0286
1114,1501539-73.2021.8.26.0168
1115,1501540-38.2022.8.26.0228
1116,1501542-35.2022.8.26.0510
1117,1501546-55.2022.8.26.0548
1118,1501549-17.2021.8.26.0169
1119,1501556-02.2022.8.26.0548
1120,1501562-84.2021.8.26.0599
1121,1501566-79.2021.8.26.0322
1122,1501567-06.2019.8.26.0073
1123,1501567-75.2021.8.26.0286
1124,1501570-84.2021.8.26.0559
1125,1501581-85.2020.8.26.0224
1126,1501583-36.2019.8.26.0177
1127,1501586-95.2020.8.26.0228
1128,1501587-92.2021.8.26.0536
1129,1501588-65.2020.8.26.0616
1130,1501592-77.2022.8.26.0537
1131,1501593-74.2019.8.26.0567
1132,1501608-34.2022.8.26.0536
1133,1501613-41.2021.8.26.0617
1134,1501614-92.2022.8.26.0228
1135,1501615-02.2022.8.26.0544
1136,1501615-57.2021.8.26.0537
1137,1501638-74.2019.8.26.0536
1138,1501660-15.2021.8.26.0617
1139,1501660-39.2019.8.26.0567
1140,1501664-21.2022.8.26.0228
1141,1501667-83.2020.8.26.0603
1142,1501673-41.2021.8.26.0123
1143,1501674-75.2022.8.26.0548
1144,1501676-21.2021.8.26.0438
1145,1501696-69.2022.8.26.0537
1146,1501699-25.2019.8.26.0603
1147,1501703-95.2021.8.26.0537
1148,1501705-37.2022.8.26.0535
1149,1501708-83.2022.8.26.0537
1150,1501709-08.2021.8.26.0536
1151,1501709-74.2022.8.26.0535
1152,1501709-89.2022.8.26.0530
1153,1501711-68.2021.8.26.0603
1154,1501718-53.2019.8.26.0628
1155,1501720-21.2022.8.26.0530
1156,1501721-27.2018.8.26.0536
1157,1501724-56.2021.8.26.0445
1158,1501738-91.2021.8.26.0428
1159,1501739-39.2022.8.26.0526
1160,1501743-73.2021.8.26.0603
1161,1501744-54.2022.8.26.0302
1162,1501748-56.2022.8.26.0540
1163,1501751-61.2021.8.26.0567
1164,1501756-27.2021.8.26.0618
1165,1501756-59.2019.8.26.0242
1166,1501770-90.2022.8.26.0548
1167,1501780-91.2022.8.26.0530
1168,1501784-10.2022.8.26.0537
1169,1501789-67.2020.8.26.0548
1170,1501792-72.2021.8.26.0617
1171,1501793-72.2022.8.26.0536
1172,1501800-52.2022.8.26.0540
1173,1501820-65.2021.8.26.0544
1174,1501826-62.2022.8.26.0536
1175,1501833-91.2021.8.26.0050
1176,1501834-51.2021.8.26.0123
1177,1501834-81.2019.8.26.0653
1178,1501841-37.2020.8.26.0201
1179,1501849-30.2021.8.26.0540
1180,1501850-59.2022.8.26.0320
1181,1501850-73.2020.8.26.0047
1182,1501860-73.2020.8.26.0482
1183,1501862-54.2021.8.26.0079
1184,1501864-07.2021.8.26.0408
1185,1501864-92.2021.8.26.0024
1186,1501865-97.2021.8.26.0567
1187,1501895-97.2022.8.26.0535
1188,1501899-86.2021.8.26.0530
1189,1501899-95.2022.8.26.0548
1190,1501900-81.2021.8.26.0559
1191,1501901-53.2021.8.26.0628
1192,1501902-12.2021.8.26.0572
1193,1501911-38.2021.8.26.0292
1194,1501912-56.2021.8.26.0572
1195,1501918-63.2021.8.26.0572
1196,1501919-63.2021.8.26.0470
1197,1501926-54.2021.8.26.0535
1198,1501928-18.2021.8.26.0537
1199,1501937-43.2022.8.26.0537
1200,1501941-47.2022.8.26.0548
1201,1501948-15.2022.8.26.0168
1202,1501952-86.2020.8.26.0535
1203,1501953-62.2020.8.26.0344
1204,1501957-60.2022.8.26.0302
1205,1501967-06.2021.8.26.0540
1206,1501973-28.2021.8.26.0535
1207,1501975-12.2022.8.26.0228
1208,1501977-16.2021.8.26.0228
1209,1501982-52.2019.8.26.0537
1210,1501983-11.2022.8.26.0544
1211,1501984-38.2021.8.26.0024
1212,1501984-69.2020.8.26.0510
1213,1501986-20.2021.8.26.0408
1214,1501994-96.2020.8.26.0548
1215,1501997-71.2020.8.26.0024
1216,1502001-08.2021.8.26.0628
1217,1502040-74.2020.8.26.0196
1218,1502041-87.2020.8.26.0510
1219,1502047-63.2021.8.26.0024
1220,1502059-23.2022.8.26.0548
1221,1502059-47.2022.8.26.0540
1222,1502068-70.2021.8.26.0628
1223,1502070-24.2021.8.26.0019
1224,1502073-27.2022.8.26.0024
1225,1502076-40.2020.8.26.0577
1226,1502079-81.2021.8.26.0537
1227,1502087-27.2022.8.26.0536
1228,1502089-54.2020.8.26.0572
1229,1502097-54.2017.8.26.0663
1230,1502110-70.2022.8.26.0536
1231,1502111-74.2020.8.26.0132
1232,1502115-42.2021.8.26.0079
1233,1502121-67.2020.8.26.0537
1234,1502126-85.2022.8.26.0548
1235,1502134-81.2020.8.26.0047
1236,1502138-66.2020.8.26.0032
1237,1502139-57.2021.8.26.0536
1238,1502141-63.2020.8.26.0309
1239,1502143-64.2019.8.26.0407
1240,1502171-89.2022.8.26.0548
1241,1502180-41.2022.8.26.0616
1242,1502185-85.2022.8.26.0544
1243,1502205-98.2021.8.26.0548
1244,1502213-95.2022.8.26.0530
1245,1502218-94.2020.8.26.0625
1246,1502224-12.2021.8.26.0320
1247,1502227-70.2022.8.26.0048
1248,1502228-64.2021.8.26.0024
1249,1502247-06.2022.8.26.0228
1250,1502253-40.2019.8.26.0544
1251,1502254-81.2021.8.26.0535
1252,1502255-97.2020.8.26.0536
1253,1502268-66.2021.8.26.0567
1254,1502280-31.2020.8.26.0530
1255,1502289-48.2020.8.26.0544
1256,1502298-26.2022.8.26.0322
1257,1502309-39.2020.8.26.0544
1258,1502310-64.2021.8.26.0196
1259,1502311-17.2021.8.26.0530
1260,1502312-45.2021.8.26.0548
1261,1502313-52.2019.8.26.0628
1262,1502330-68.2022.8.26.0536
1263,1502331-07.2022.8.26.0228
1264,1502331-53.2022.8.26.0536
1265,1502350-57.2021.8.26.0548
1266,1502357-49.2021.8.26.0548
1267,1502358-25.2020.8.26.0530
1268,1502362-25.2021.8.26.0628
1269,1502369-41.2022.8.26.0544
1270,1502380-65.2020.8.26.0536
1271,1502382-89.2021.8.26.0248
1272,1502388-55.2019.8.26.0058
1273,1502393-57.2022.8.26.0548
1274,1502402-77.2020.8.26.0228
1275,1502416-57.2021.8.26.0024
1276,1502427-96.2020.8.26.0032
1277,1502428-07.2022.8.26.0228
1278,1502429-60.2020.8.26.0616
1279,1502442-13.2022.8.26.0544
1280,1502442-86.2021.8.26.0628
1281,1502443-20.2021.8.26.0548
1282,1502444-10.2021.8.26.0320
1283,1502459-29.2019.8.26.0132
1284,1502474-79.2022.8.26.0168
1285,1502499-39.2020.8.26.0564
1286,1502500-82.2018.8.26.0050
1287,1502502-32.2021.8.26.0540
1288,1502509-32.2021.8.26.0602
1289,1502512-08.2022.8.26.0228
1290,1502535-34.2021.8.26.0536
1291,1502547-43.2019.8.26.0625
1292,1502547-72.2018.8.26.0562
1293,1502559-59.2021.8.26.0537
1294,1502559-80.2021.8.26.0530
1295,1502561-76.2020.8.26.0565
1296,1502567-27.2020.8.26.0228
1297,1502568-51.2022.8.26.0548
1298,1502576-05.2021.8.26.0082
1299,1502605-45.2020.8.26.0032
1300,1502606-53.2022.8.26.0228
1301,1502609-51.2021.8.26.0322
1302,1502610-13.2020.8.26.0535
1303,1502622-51.2021.8.26.0548
1304,1502633-19.2021.8.26.0536
1305,1502640-74.2022.8.26.0536
1306,1502652-91.2021.8.26.0320
1307,1502667-11.2022.8.26.0228
1308,1502699-16.2019.8.26.0068
1309,1502708-32.2021.8.26.0577
1310,1502713-09.2022.8.26.0322
1311,1502730-46.2022.8.26.0548
1312,1502740-80.2022.8.26.0228
1313,1502746-86.2022.8.26.0196
1314,1502753-38.2021.8.26.0544
1315,1502756-78.2021.8.26.0548
1316,1502770-62.2021.8.26.0548
1317,1502776-23.2020.8.26.0510
1318,1502808-16.2020.8.26.0320
1319,1502823-19.2020.8.26.0050
1320,1502824-81.2022.8.26.0228
1321,1502825-67.2021.8.26.0530
1322,1502826-34.2021.8.26.0536
1323,1502830-45.2020.8.26.0362
1324,1502843-10.2020.8.26.0050
1325,1502844-43.2021.8.26.0540
1326,1502848-39.2020.8.26.0274
1327,1502869-68.2021.8.26.0536
1328,1502891-92.2022.8.26.0536
1329,1502914-90.2021.8.26.0530
1330,1502939-83.2020.8.26.0548
1331,1502950-20.2021.8.26.0535
1332,1502958-20.2022.8.26.0322
1333,1502965-47.2021.8.26.0548
1334,1502986-75.2022.8.26.0196
1335,1502990-20.2019.8.26.0099
1336,1502991-18.2020.8.26.0536
1337,1503014-61.2020.8.26.0536
1338,1503016-14.2022.8.26.0228
1339,1503034-07.2019.8.26.0530
1340,1503041-13.2021.8.26.0535
1341,1503068-10.2022.8.26.0228
1342,1503102-53.2021.8.26.0540
1343,1503110-45.2021.8.26.0535
1344,1503112-36.2018.8.26.0077
1345,1503123-22.2021.8.26.0510
1346,1503149-20.2021.8.26.0510
1347,1503153-10.2021.8.26.0073
1348,1503154-27.2022.8.26.0536
1349,1503157-77.2021.8.26.0548
1350,1503170-32.2022.8.26.0228
1351,1503173-98.2019.8.26.0322
1352,1503180-85.2022.8.26.0322
1353,1503181-44.2021.8.26.0536
1354,1503194-37.2020.8.26.0032
1355,1503209-43.2021.8.26.0073
1356,1503224-78.2021.8.26.0536
1357,1503229-64.2021.8.26.0548
1358,1503239-64.2022.8.26.0228
1359,1503244-43.2019.8.26.0535
1360,1503250-50.2019.8.26.0535
1361,1503270-42.2019.8.26.0664
1362,1503313-05.2021.8.26.0180
1363,1503346-94.2021.8.26.0535
1364,1503348-98.2020.8.26.0050
1365,1503366-02.2022.8.26.0228
1366,1503377-75.2021.8.26.0548
1367,1503385-54.2022.8.26.0536
1368,1503412-71.2021.8.26.0536
1369,1503422-06.2020.8.26.0228
1370,1503429-47.2021.8.26.0071
1371,1503450-83.2021.8.26.0536
1372,1503450-91.2018.8.26.0050
1373,1503452-53.2021.8.26.0536
1374,1503457-87.2018.8.26.0663
1375,1503461-15.2021.8.26.0536
1376,1503484-75.2022.8.26.0228
1377,1503489-80.2021.8.26.0536
1378,1503498-42.2021.8.26.0536
1379,1503514-47.2021.8.26.0228
1380,1503534-15.2020.8.26.0344
1381,1503540-91.2021.8.26.0536
1382,1503543-77.2022.8.26.0482
1383,1503560-02.2022.8.26.0228
1384,1503565-24.2022.8.26.0228
1385,1503573-81.2021.8.26.0536
1386,1503582-07.2022.8.26.0472
1387,1503582-14.2019.8.26.0536
1388,1503588-50.2021.8.26.0536
1389,1503589-69.2020.8.26.0536
1390,1503616-26.2022.8.26.0037
1391,1503630-87.2020.8.26.0228
1392,1503669-27.2020.8.26.0344
1393,1503670-45.2021.8.26.0548
1394,1503698-49.2021.8.26.0536
1395,1503702-06.2022.8.26.0228
1396,1503715-05.2022.8.26.0228
1397,1503746-80.2019.8.26.0664
1398,1503752-24.2021.8.26.0533
1399,1503775-75.2022.8.26.0228
1400,1503782-18.2021.8.26.0482
1401,1503817-88.2021.8.26.0510
1402,1503823-78.2021.8.26.0548
1403,1503879-50.2021.8.26.0536
1404,1503889-58.2021.8.26.0548
1405,1503908-71.2019.8.26.0536
1406,1503944-13.2018.8.26.0322
1407,1503980-87.2021.8.26.0536
1408,1503981-77.2018.8.26.0536
1409,1503989-30.2019.8.26.0565
1410,1503998-72.2021.8.26.0548
1411,1504060-68.2022.8.26.0228
1412,1504091-71.2021.8.26.0536
1413,1504228-81.2020.8.26.0344
1414,1504258-13.2019.8.26.0228
1415,1504266-87.2019.8.26.0228
1416,1504287-41.2021.8.26.0536
1417,1504297-05.2022.8.26.0228
1418,1504297-90.2018.8.26.0536
1419,1504299-74.2021.8.26.0562
1420,1504312-54.2021.8.26.0536
1421,1504317-93.2022.8.26.0228
1422,1504371-32.2019.8.26.0077
1423,1504403-75.2020.8.26.0344
1424,1504404-49.2022.8.26.0228
1425,1504527-77.2020.8.26.0564
1426,1504544-62.2021.8.26.0408
1427,1504627-36.2021.8.26.0228
1428,1504634-91.2022.8.26.0228
1429,1504663-44.2022.8.26.0228
1430,1504671-21.2022.8.26.0228
1431,1504696-88.2019.8.26.0050
1432,1504724-02.2022.8.26.0228
1433,1504726-69.2022.8.26.0228
1434,1504740-53.2022.8.26.0228
1435,1504790-16.2021.8.26.0228
1436,1504816-71.2019.8.26.0361
1437,1504842-86.2019.8.26.0032
1438,1504847-34.2021.8.26.0228
1439,1504863-56.2019.8.26.0228
1440,1504870-43.2022.8.26.0228
1441,1504997-78.2022.8.26.0228
1442,1505027-93.2022.8.26.0073
1443,1505032-40.2019.8.26.0132
1444,1505052-63.2021.8.26.0228
1445,1505070-50.2022.8.26.0228
1446,1505102-32.2021.8.26.0344
1447,1505124-16.2022.8.26.0228
1448,1505211-69.2022.8.26.0228
1449,1505253-21.2022.8.26.0228
1450,1505274-94.2022.8.26.0228
1451,1505293-23.2020.8.26.0050
1452,1505299-49.2018.8.26.0228
1453,1505324-97.2020.8.26.0032
1454,1505327-17.2018.8.26.0228
1455,1505330-98.2020.8.26.0228
1456,1505348-51.2022.8.26.0228
1457,1505349-36.2022.8.26.0228
1458,1505379-07.2021.8.26.0099
1459,1505462-84.2022.8.26.0132
1460,1505479-26.2022.8.26.0228
1461,1505510-46.2022.8.26.0228
1462,1505578-93.2022.8.26.0228
1463,1505598-84.2022.8.26.0228
1464,1505674-45.2021.8.26.0228
1465,1505681-86.2021.8.26.0050
1466,1505687-44.2021.8.26.0228
1467,1505718-64.2021.8.26.0228
1468,1505772-93.2022.8.26.0228
1469,1505828-40.2021.8.26.0268
1470,1505880-36.2020.8.26.0344
1471,1505882-69.2019.8.26.0302
1472,1505932-55.2021.8.26.0228
1473,1506015-71.2021.8.26.0228
1474,1506034-91.2021.8.26.0482
1475,1506098-39.2021.8.26.0050
1476,1506118-26.2018.8.26.0344
1477,1506124-22.2020.8.26.0228
1478,1506261-33.2022.8.26.0228
1479,1506273-47.2022.8.26.0228
1480,1506279-54.2022.8.26.0228
1481,1506393-61.2020.8.26.0228
1482,1506418-06.2022.8.26.0228
1483,1506443-53.2021.8.26.0228
1484,1506482-16.2022.8.26.0228
1485,1506491-75.2022.8.26.0228
1486,1506494-30.2022.8.26.0228
1487,1506508-14.2022.8.26.0228
1488,1506532-05.2020.8.26.0554
1489,1506556-62.2022.8.26.0457
1490,1506633-36.2021.8.26.0577
1491,1506720-35.2022.8.26.0228
1492,1506752-74.2021.8.26.0228
1493,1506808-73.2022.8.26.0228
1494,1506956-84.2022.8.26.0228
1495,1506963-95.2019.8.26.0482
1496,1506980-49.2021.8.26.0228
1497,1506988-26.2021.8.26.0228
1498,1506996-66.2022.8.26.0228
1499,1507043-89.2022.8.26.0050
1500,1507059-27.2021.8.26.0099
1501,1507144-48.2020.8.26.0228
1502,1507152-06.2022.8.26.0050
1503,1507183-74.2022.8.26.0228
1504,1507215-16.2021.8.26.0228
1505,1507309-27.2022.8.26.0228
1506,1507340-18.2020.8.26.0228
1507,1507403-72.2022.8.26.0228
1508,1507488-58.2022.8.26.0228
1509,1507504-12.2022.8.26.0228
1510,1507517-11.2022.8.26.0228
1511,1507580-36.2022.8.26.0228
1512,1507623-70.2022.8.26.0228
1513,1507640-22.2021.8.26.0526
1514,1507668-31.2021.8.26.0577
1515,1507672-14.2022.8.26.0228
1516,1507723-56.2018.8.26.0554
1517,1507751-27.2021.8.26.0228
1518,1507758-65.2022.8.26.0266
1519,1507956-56.2021.8.26.0228
1520,1507991-02.2020.8.26.0050
1521,1508044-65.2019.8.26.0228
1522,1508049-87.2019.8.26.0228
1523,1508050-67.2022.8.26.0228
1524,1508124-92.2020.8.26.0228
1525,1508220-39.2022.8.26.0228
1526,1508349-15.2020.8.26.0228
1527,1508357-41.2020.8.26.0050
1528,1508415-92.2020.8.26.0228
1529,1508487-45.2021.8.26.0228
1530,1508511-39.2022.8.26.0228
1531,1508587-40.2021.8.26.0344
1532,1508683-15.2021.8.26.0228
1533,1508687-18.2022.8.26.0228
1534,1508760-58.2020.8.26.0228
1535,1508854-06.2020.8.26.0228
1536,1508900-98.2021.8.26.0344
1537,1508903-05.2021.8.26.0554
1538,1508933-34.2020.8.26.0050
1539,1508934-96.2022.8.26.0228
1540,1509066-56.2022.8.26.0228
1541,1509085-48.2021.8.26.0050
1542,1509131-51.2022.8.26.0228
1543,1509138-59.2020.8.26.0019
1544,1509168-78.2022.8.26.0228
1545,1509229-36.2022.8.26.0228
1546,1509263-16.2019.8.26.0228
1547,1509403-45.2022.8.26.0228
1548,1509461-25.2021.8.26.0344
1549,1509471-63.2020.8.26.0228
1550,1509485-81.2019.8.26.0228
1551,1509566-59.2021.8.26.0228
1552,1509600-34.2021.8.26.0228
1553,1509621-73.2022.8.26.0228
1554,1509626-95.2022.8.26.0228
1555,1509631-20.2022.8.26.0228
1556,1509641-98.2021.8.26.0228
1557,1509698-34.2022.8.26.0050
1558,1509744-23.2022.8.26.0050
1559,1509817-43.2022.8.26.0228
1560,1509830-14.2022.8.26.0302
1561,1509857-25.2022.8.26.0228
1562,1509882-58.2020.8.26.0050
1563,1509896-22.2022.8.26.0228
1564,1509911-59.2020.8.26.0228
1565,1509984-31.2020.8.26.0228
1566,1510001-96.2022.8.26.0228
1567,1510119-43.2020.8.26.0228
1568,1510267-83.2022.8.26.0228
1569,1510281-67.2022.8.26.0228
1570,1510303-28.2022.8.26.0228
1571,1510372-31.2020.8.26.0228
1572,1510405-84.2021.8.26.0228
1573,1510444-40.2019.8.26.0038
1574,1510455-13.2021.8.26.0228
1575,1510472-69.2020.8.26.0071
1576,1510624-25.2018.8.26.0577
1577,1510647-09.2022.8.26.0228
1578,1510680-96.2022.8.26.0228
1579,1510727-41.2020.8.26.0228
1580,1510788-62.2021.8.26.0228
1581,1510789-96.2021.8.26.0050
1582,1510861-68.2020.8.26.0228
1583,1510888-37.2020.8.26.0071
1584,1510943-80.2022.8.26.0050
1585,1510988-21.2021.8.26.0050
1586,1510990-39.2021.8.26.0228
1587,1511028-17.2022.8.26.0228
1588,1511087-75.2021.8.26.0604
1589,1511147-46.2020.8.26.0228
1590,1511153-82.2022.8.26.0228
1591,1511165-33.2021.8.26.0228
1592,1511255-75.2020.8.26.0228
1593,1511297-56.2022.8.26.0228
1594,1511299-26.2022.8.26.0228
1595,1511365-06.2022.8.26.0228
1596,1511405-22.2021.8.26.0228
1597,1511430-98.2022.8.26.0228
1598,1511487-19.2022.8.26.0228
1599,1511520-09.2022.8.26.0228
1600,1511558-21.2022.8.26.0228
1601,1511620-61.2022.8.26.0228
1602,1511624-98.2022.8.26.0228
1603,1511637-97.2022.8.26.0228
1604,1511690-78.2022.8.26.0228
1605,1511737-52.2022.8.26.0228
1606,1511824-79.2021.8.26.0248
1607,1511849-21.2022.8.26.0228
1608,1511922-63.2021.8.26.0604
1609,1511956-18.2019.8.26.0019
1610,1512007-76.2022.8.26.0228
1611,1512081-53.2020.8.26.0050
1612,1512085-70.2022.8.26.0228
1613,1512105-61.2022.8.26.0228
1614,1512176-68.2019.8.26.0228
1615,1512232-49.2019.8.26.0019
1616,1512313-45.2022.8.26.0228
1617,1512319-52.2022.8.26.0228
1618,1512371-82.2021.8.26.0228
1619,1512389-69.2022.8.26.0228
1620,1512400-17.2020.8.26.0019
1621,1512403-87.2021.8.26.0228
1622,1512445-05.2022.8.26.0228
1623,1512461-38.2021.8.26.0019
1624,1512462-23.2021.8.26.0019
1625,1512538-65.2022.8.26.0228
1626,1512578-47.2022.8.26.0228
1627,1512621-18.2021.8.26.0228
1628,1512629-92.2021.8.26.0228
1629,1512655-56.2022.8.26.0228
1630,1512862-55.2022.8.26.0228
1631,1512888-24.2020.8.26.0228
1632,1512897-47.2019.8.26.0510
1633,1512906-90.2020.8.26.0019
1634,1512925-17.2021.8.26.0228
1635,1512950-64.2020.8.26.0228
1636,1512958-41.2020.8.26.0228
1637,1512970-84.2022.8.26.0228
1638,1512984-68.2022.8.26.0228
1639,1513056-55.2022.8.26.0228
1640,1513064-32.2022.8.26.0228
1641,1513139-71.2022.8.26.0228
1642,1513156-89.2021.8.26.0019
1643,1513206-36.2022.8.26.0228
1644,1513206-41.2017.8.26.0477
1645,1513225-62.2020.8.26.0050
1646,1513271-13.2021.8.26.0019
1647,1513326-79.2022.8.26.0228
1648,1513342-33.2022.8.26.0228
1649,1513369-16.2022.8.26.0228
1650,1513806-09.2022.8.26.0050
1651,1513836-92.2022.8.26.0228
1652,1513891-77.2021.8.26.0228
1653,1513955-53.2022.8.26.0228
1654,1513956-38.2022.8.26.0228
1655,1513969-37.2022.8.26.0228
1656,1514081-40.2021.8.26.0228
1657,1514110-56.2022.8.26.0228
1658,1514251-75.2022.8.26.0228
1659,1514259-86.2021.8.26.0228
1660,1514340-98.2022.8.26.0228
1661,1514455-08.2021.8.26.0050
1662,1514473-77.2021.8.26.0228
1663,1514481-20.2022.8.26.0228
1664,1514504-97.2021.8.26.0228
1665,1514509-56.2020.8.26.0228
1666,1514517-62.2022.8.26.0228
1667,1514655-34.2019.8.26.0228
1668,1514709-91.2022.8.26.0196
1669,1514839-82.2022.8.26.0228
1670,1514884-86.2022.8.26.0228
1671,1514934-49.2021.8.26.0228
1672,1515138-93.2021.8.26.0228
1673,1515209-61.2022.8.26.0228
1674,1515289-30.2019.8.26.0228
1675,1515325-67.2022.8.26.0228
1676,1515379-33.2022.8.26.0228
1677,1515381-71.2020.8.26.0228
1678,1515382-85.2022.8.26.0228
1679,1515436-51.2022.8.26.0228
1680,1515518-19.2021.8.26.0228
1681,1515569-84.2019.8.26.0071
1682,1515679-92.2022.8.26.0228
1683,1515682-97.2019.8.26.0019
1684,1515838-35.2022.8.26.0228
1685,1516026-28.2022.8.26.0228
1686,1516061-42.2019.8.26.0050
1687,1516088-68.2022.8.26.0228
1688,1516113-81.2022.8.26.0228
1689,1516137-61.2022.8.26.0050
1690,1516181-31.2022.8.26.0228
1691,1516392-67.2022.8.26.0228
1692,1516398-11.2021.8.26.0228
1693,1516402-14.2022.8.26.0228
1694,1516443-15.2021.8.26.0228
1695,1516496-59.2022.8.26.0228
1696,1516580-60.2022.8.26.0228
1697,1516583-83.2020.8.26.0228
1698,1516615-20.2022.8.26.0228
1699,1516667-16.2022.8.26.0228
1700,1516823-04.2022.8.26.0228
1701,1516824-86.2022.8.26.0228
1702,1516968-80.2020.8.26.0050
1703,1516972-68.2020.8.26.0228
1704,1517013-17.2019.8.26.0019
1705,1517204-17.2019.8.26.0228
1706,1517246-61.2022.8.26.0228
1707,1517340-92.2021.8.26.0050
1708,1517355-75.2022.8.26.0228
1709,1517368-74.2022.8.26.0228
1710,1517610-50.2021.8.26.0266
1711,1517613-85.2022.8.26.0228
1712,1517854-93.2021.8.26.0228
1713,1517865-25.2021.8.26.0228
1714,1517946-42.2019.8.26.0228
1715,1517985-68.2021.8.26.0228
1716,1518015-69.2022.8.26.0228
1717,1518070-20.2022.8.26.0228
1718,1518076-27.2022.8.26.0228
1719,1518078-94.2022.8.26.0228
1720,1518098-76.2020.8.26.0577
1721,1518143-46.2019.8.26.0050
1722,1518204-47.2022.8.26.0228
1723,1518248-66.2022.8.26.0228
1724,1518277-39.2020.8.26.0050
1725,1518330-05.2019.8.26.0228
1726,1518381-11.2022.8.26.0228
1727,1518516-23.2022.8.26.0228
1728,1518519-75.2022.8.26.0228
1729,1518606-80.2022.8.26.0050
1730,1518667-86.2022.8.26.0228
1731,1518726-11.2021.8.26.0228
1732,1518732-38.2019.8.26.0050
1733,1518832-07.2020.8.26.0228
1734,1518895-32.2020.8.26.0228
1735,1518959-71.2022.8.26.0228
1736,1519050-98.2021.8.26.0228
1737,1519183-43.2021.8.26.0228
1738,1519227-62.2021.8.26.0228
1739,1519359-90.2019.8.26.0228
1740,1519378-43.2022.8.26.0050
1741,1519515-78.2019.8.26.0228
1742,1519577-84.2020.8.26.0228
1743,1519624-87.2022.8.26.0228
1744,1519657-77.2022.8.26.0228
1745,1519705-70.2021.8.26.0228
1746,1519811-03.2019.8.26.0228
1747,1519843-52.2022.8.26.0050
1748,1519859-11.2019.8.26.0050
1749,1519912-69.2021.8.26.0228
1750,1520068-23.2022.8.26.0228
1751,1520078-04.2021.8.26.0228
1752,1520078-67.2022.8.26.0228
1753,1520179-41.2021.8.26.0228
1754,1520239-77.2022.8.26.0228
1755,1520295-21.2021.8.26.0366
1756,1520392-47.2021.8.26.0228
1757,1520430-25.2022.8.26.0228
1758,1520471-26.2021.8.26.0228
1759,1520487-77.2021.8.26.0228
1760,1520489-13.2022.8.26.0228
1761,1520547-84.2020.8.26.0228
1762,1520634-40.2020.8.26.0228
1763,1520663-22.2022.8.26.0228
1764,1520672-18.2021.8.26.0228
1765,1520684-18.2020.8.26.0050
1766,1520902-60.2021.8.26.0228
1767,1520925-06.2021.8.26.0228
1768,1520940-72.2021.8.26.0228
1769,1520974-47.2021.8.26.0228
1770,1521008-08.2020.8.26.0050
1771,1521030-80.2021.8.26.0228
1772,1521034-83.2022.8.26.0228
1773,1521080-63.2020.8.26.0577
1774,1521100-63.2022.8.26.0228
1775,1521111-97.2019.8.26.0228
1776,1521147-57.2020.8.26.0050
1777,1521224-46.2022.8.26.0228
1778,1521239-15.2022.8.26.0228
1779,1521242-04.2021.8.26.0228
1780,1521276-33.2020.8.26.0577
1781,1521281-64.2022.8.26.0228
1782,1521350-33.2021.8.26.0228
1783,1521395-03.2022.8.26.0228
1784,1521503-32.2022.8.26.0228
1785,1521546-03.2021.8.26.0228
1786,1521551-25.2021.8.26.0228
1787,1521555-28.2022.8.26.0228
1788,1521582-45.2021.8.26.0228
1789,1521583-64.2020.8.26.0228
1790,1521630-38.2020.8.26.0228
1791,1521669-64.2022.8.26.0228
1792,1521674-23.2021.8.26.0228
1793,1521707-33.2019.8.26.0050
1794,1521723-35.2019.8.26.0228
1795,1521742-36.2022.8.26.0228
1796,1521746-73.2022.8.26.0228
1797,1521940-10.2021.8.26.0228
1798,1521945-03.2019.8.26.0228
1799,1522003-35.2021.8.26.0228
1800,1522087-70.2020.8.26.0228
1801,1522099-65.2022.8.26.0050
1802,1522105-23.2022.8.26.0228
1803,1522139-32.2021.8.26.0228
1804,1522163-26.2022.8.26.0228
1805,1522282-07.2020.8.26.0050
1806,1522294-35.2021.8.26.0228
1807,1522387-66.2019.8.26.0228
1808,1522396-91.2020.8.26.0228
1809,1522452-61.2019.8.26.0228
1810,1522463-22.2021.8.26.0228
1811,1522655-18.2022.8.26.0228
1812,1522704-93.2021.8.26.0228
1813,1522718-48.2019.8.26.0228
1814,1522779-98.2022.8.26.0228
1815,1522802-44.2022.8.26.0228
1816,1522872-95.2021.8.26.0228
1817,1523000-86.2019.8.26.0228
1818,1523190-78.2021.8.26.0228
1819,1523221-64.2022.8.26.0228
1820,1523241-75.2020.8.26.0050
1821,1523261-51.2019.8.26.0228
1822,1523281-71.2021.8.26.0228
1823,1523404-69.2021.8.26.0228
1824,1523452-28.2021.8.26.0228
1825,1523530-85.2022.8.26.0228
1826,1523570-67.2022.8.26.0228
1827,1523622-63.2022.8.26.0228
1828,1523645-09.2022.8.26.0228
1829,1523697-39.2021.8.26.0228
1830,1523810-90.2021.8.26.0228
1831,1523872-33.2021.8.26.0228
1832,1523981-47.2021.8.26.0228
1833,1524003-42.2020.8.26.0228
1834,1524139-39.2020.8.26.0228
1835,1524143-76.2020.8.26.0228
1836,1524155-08.2021.8.26.0050
1837,1524180-06.2020.8.26.0228
1838,1524299-45.2022.8.26.0050
1839,1524326-47.2020.8.26.0228
1840,1524328-80.2021.8.26.0228
1841,1524381-68.2017.8.26.0562
1842,1524508-67.2019.8.26.0228
1843,1524704-66.2021.8.26.0228
1844,1524714-47.2020.8.26.0228
1845,1524758-66.2020.8.26.0228
1846,1524880-45.2021.8.26.0228
1847,1524883-97.2021.8.26.0228
1848,1524900-70.2020.8.26.0228
1849,1524924-64.2021.8.26.0228
1850,1524931-22.2022.8.26.0228
1851,1525004-62.2020.8.26.0228
1852,1525182-74.2021.8.26.0228
1853,1525258-64.2022.8.26.0228
1854,1525296-47.2020.8.26.0228
1855,1525308-27.2021.8.26.0228
1856,1525358-68.2022.8.26.0050
1857,1525403-91.2020.8.26.0228
1858,1525505-45.2022.8.26.0228
1859,1525615-78.2021.8.26.0228
1860,1525634-55.2019.8.26.0228
1861,1525652-76.2019.8.26.0228
1862,1525896-54.2019.8.26.0050
1863,1525978-65.2021.8.26.0228
1864,1525990-79.2021.8.26.0228
1865,1526035-83.2021.8.26.0228
1866,1526056-59.2021.8.26.0228
1867,1526335-45.2021.8.26.0228
1868,1526336-64.2020.8.26.0228
1869,1526429-90.2021.8.26.0228
1870,1526435-97.2021.8.26.0228
1871,1526445-95.2021.8.26.0114
1872,1526461-32.2020.8.26.0228
1873,1526491-82.2021.8.26.0050
1874,1526510-12.2018.8.26.0562
1875,1526541-59.2021.8.26.0228
1876,1526544-14.2021.8.26.0228
1877,1526577-06.2020.8.26.0562
1878,1526760-72.2021.8.26.0228
1879,1526881-03.2021.8.26.0228
1880,1526926-07.2021.8.26.0228
1881,1527031-18.2020.8.26.0228
1882,1527047-69.2020.8.26.0228
1883,1527132-21.2021.8.26.0228
1884,1527159-04.2021.8.26.0228
1885,1527337-84.2020.8.26.0228
1886,1527442-27.2021.8.26.0228
1887,1527467-40.2021.8.26.0228
1888,1527565-25.2021.8.26.0228
1889,1527571-32.2021.8.26.0228
1890,1527685-68.2021.8.26.0228
1891,1527815-78.2019.8.26.0050
1892,1527958-18.2019.8.26.0228
1893,1527977-53.2021.8.26.0228
1894,1528070-16.2021.8.26.0228
1895,1528076-23.2021.8.26.0228
1896,1528137-98.2019.8.26.0050
1897,1528433-03.2021.8.26.0228
1898,1528437-11.2019.8.26.0228
1899,1528487-66.2021.8.26.0228
1900,1528591-58.2021.8.26.0228
1901,1528612-34.2021.8.26.0228
1902,1528652-16.2021.8.26.0228
1903,1528767-37.2021.8.26.0228
1904,1529041-98.2021.8.26.0228
1905,1529074-88.2021.8.26.0228
1906,1529144-08.2021.8.26.0228
1907,1529191-79.2021.8.26.0228
1908,1529347-67.2021.8.26.0228
1909,1529553-81.2021.8.26.0228
1910,1529629-08.2021.8.26.0228
1911,1529669-87.2021.8.26.0228
1912,1529732-15.2021.8.26.0228
1913,1529745-82.2019.8.26.0228
1914,1529802-03.2019.8.26.0228
1915,1529881-11.2021.8.26.0228
1916,1530147-95.2021.8.26.0228
1917,1530182-55.2021.8.26.0228
1918,1530302-98.2021.8.26.0228
1919,1530486-25.2019.8.26.0228
1920,1530805-22.2021.8.26.0228
1921,1530815-37.2019.8.26.0228
1922,1530937-79.2021.8.26.0228
1923,1531063-32.2021.8.26.0228
1924,1531133-49.2021.8.26.0228
1925,1531184-46.2020.8.26.0050
1926,1531273-83.2021.8.26.0228
1927,1531453-02.2021.8.26.0228
1928,1531522-34.2021.8.26.0228
1929,1531743-17.2021.8.26.0228
1930,1531835-92.2021.8.26.0228
1931,1531860-08.2021.8.26.0228
1932,1532617-85.2020.8.26.0050
1933,1533416-31.2020.8.26.0050
1934,1533882-25.2020.8.26.0050
1935,1534872-50.2019.8.26.0050
1936,1535137-81.2021.8.26.0050
1937,1537848-30.2019.8.26.0050
1938,1538149-06.2021.8.26.0050
1939,1538831-58.2021.8.26.0050
1940,1540914-47.2021.8.26.0050
1941,1541397-77.2021.8.26.0050
