row_index,decision_id,sentence_length_days,crime_type
0,D000001,645.0,simple_theft
1,D000002,245.0,simple_theft
2,D000003,495.0,simple_theft
3,D000004,495.0,simple_theft
4,D000005,240.0,simple_theft
5,D000006,509.0,simple_theft
6,D000007,437.0,simple_theft
7,D000008,365.0,simple_theft
8,D000009,240.0,simple_theft
9,D000010,658.0,simple_theft
10,D000011,240.0,simple_theft
11,D000012,425.0,simple_theft
12,D000013,495.0,simple_theft
13,D000014,425.0,simple_theft
14,D000015,350.0,simple_theft
15,D000016,431.0,simple_theft
16,D000017,280.0,simple_theft
17,D000018,365.0,simple_theft
18,D000019,874.0,simple_theft
19,D000020,500.0,simple_theft
20,D000021,172.0,simple_theft
21,D000022,365.0,simple_theft
22,D000023,320.0,simple_theft
23,D000024,365.0,simple_theft
24,D000025,320.0,simple_theft
25,D000026,180.0,simple_theft
26,D000027,565.0,simple_theft
27,D000028,425.0,simple_theft
28,D000029,649.0,simple_theft
29,D000030,180.0,simple_theft
30,D000031,545.0,simple_theft
31,D000032,365.0,simple_theft
32,D000033,425.0,simple_theft
33,D000034,365.0,simple_theft
34,D000035,365.0,simple_theft
35,D000036,425.0,simple_theft
36,D000037,495.0,simple_theft
37,D000038,565.0,simple_theft
38,D000039,365.0,simple_theft
39,D000040,495.0,simple_theft
40,D000041,140.0,simple_theft
41,D000042,565.0,simple_theft
42,D000043,365.0,simple_theft
43,D000044,378.0,simple_theft
44,D000045,477.0,simple_theft
45,D000046,545.0,simple_theft
46,D000047,495.0,simple_theft
47,D000048,425.0,simple_theft
48,D000049,280.0,simple_theft
49,D000050,378.0,simple_theft
50,D000051,955.0,simple_theft
51,D000052,425.0,simple_theft
52,D000053,425.0,simple_theft
53,D000054,365.0,simple_theft
54,D000055,365.0,simple_theft
55,D000056,485.0,simple_theft
56,D000057,365.0,simple_theft
57,D000058,425.0,simple_theft
58,D000059,120.0,simple_theft
59,D000060,425.0,simple_theft
60,D000061,576.0,simple_theft
61,D000062,365.0,simple_theft
62,D000063,425.0,simple_theft
63,D000064,261.0,simple_theft
64,D000065,140.0,simple_theft
65,D000066,425.0,simple_theft
66,D000067,425.0,simple_theft
67,D000068,495.0,simple_theft
68,D000069,495.0,simple_theft
69,D000070,163.0,simple_theft
70,D000071,425.0,simple_theft
71,D000072,365.0,simple_theft
72,D000073,567.0,simple_theft
73,D000074,485.0,simple_theft
74,D000075,180.0,simple_theft
75,D000076,495.0,simple_theft
76,D000077,425.0,simple_theft
77,D000078,545.0,simple_theft
78,D000079,410.0,simple_theft
79,D000080,365.0,simple_theft
80,D000081,523.0,simple_theft
81,D000082,365.0,simple_theft
82,D000083,425.0,simple_theft
83,D000084,425.0,simple_theft
84,D000085,477.0,simple_theft
85,D000086,425.0,simple_theft
86,D000087,425.0,simple_theft
87,D000088,485.0,simple_theft
88,D000089,365.0,simple_theft
89,D000090,425.0,simple_theft
90,D000091,477.0,simple_theft
91,D000092,455.0,simple_theft
92,D000093,365.0,simple_theft
93,D000094,180.0,simple_theft
94,D000095,582.0,simple_theft
95,D000096,163.0,simple_theft
96,D000097,425.0,simple_theft
97,D000098,658.0,simple_theft
98,D000099,495.0,simple_theft
99,D000100,779.0,simple_theft
100,D000101,120.0,simple_theft
101,D000102,565.0,simple_theft
102,D000103,425.0,simple_theft
103,D000104,425.0,simple_theft
104,D000105,270.0,simple_theft
105,D000106,210.0,simple_theft
106,D000107,300.0,simple_theft
107,D000108,565.0,simple_theft
108,D000109,180.0,simple_theft
109,D000110,432.0,simple_theft
110,D000111,425.0,simple_theft
111,D000112,756.0,simple_theft
112,D000113,485.0,simple_theft
113,D000114,175.0,simple_theft
114,D000115,485.0,simple_theft
115,D000116,495.0,simple_theft
116,D000117,240.0,simple_theft
117,D000118,266.0,simple_theft
118,D000119,495.0,simple_theft
119,D000120,365.0,simple_theft
120,D000121,425.0,simple_theft
121,D000122,509.0,simple_theft
122,D000123,180.0,simple_theft
123,D000124,365.0,simple_theft
124,D000125,495.0,simple_theft
125,D000126,425.0,simple_theft
126,D000127,365.0,simple_theft
127,D000128,874.0,simple_theft
128,D000129,538.0,simple_theft
129,D000130,326.0,simple_theft
130,D000131,437.0,simple_theft
131,D000132,495.0,simple_theft
132,D000133,160.0,simple_theft
133,D000134,658.0,simple_theft
134,D000135,485.0,simple_theft
135,D000136,565.0,simple_theft
136,D000137,365.0,simple_theft
137,D000138,425.0,simple_theft
138,D000139,365.0,simple_theft
139,D000140,425.0,simple_theft
140,D000141,365.0,simple_theft
141,D000142,485.0,simple_theft
142,D000143,425.0,simple_theft
143,D000144,485.0,simple_theft
144,D000145,210.0,simple_theft
145,D000146,125.0,simple_theft
146,D000147,365.0,simple_theft
147,D000148,605.0,simple_theft
148,D000149,425.0,simple_theft
149,D000150,320.0,simple_theft
150,D000151,210.0,simple_theft
151,D000152,730.0,simple_theft
152,D000153,389.0,simple_theft
153,D000154,365.0,simple_theft
154,D000155,645.0,simple_theft
155,D000156,240.0,simple_theft
156,D000157,565.0,simple_theft
157,D000158,240.0,simple_theft
158,D000159,425.0,simple_theft
159,D000160,425.0,simple_theft
160,D000161,485.0,simple_theft
161,D000162,425.0,simple_theft
162,D000163,646.0,simple_theft
163,D000164,485.0,simple_theft
164,D000165,365.0,simple_theft
165,D000166,680.0,simple_theft
166,D000167,365.0,simple_theft
167,D000168,730.0,simple_theft
168,D000169,140.0,simple_theft
169,D000170,365.0,simple_theft
170,D000171,495.0,simple_theft
171,D000172,582.0,simple_theft
172,D000173,635.0,simple_theft
173,D000174,545.0,simple_theft
174,D000175,365.0,simple_theft
175,D000176,485.0,simple_theft
176,D000177,425.0,simple_theft
177,D000178,365.0,simple_theft
178,D000179,365.0,simple_theft
179,D000180,565.0,simple_theft
180,D000181,425.0,simple_theft
181,D000182,495.0,simple_theft
182,D000183,485.0,simple_theft
183,D000184,180.0,simple_theft
184,D000185,120.0,simple_theft
185,D000186,425.0,simple_theft
186,D000187,425.0,simple_theft
187,D000188,365.0,simple_theft
188,D000189,365.0,simple_theft
189,D000190,365.0,simple_theft
190,D000191,677.0,simple_theft
191,D000192,240.0,simple_theft
192,D000193,425.0,simple_theft
193,D000194,365.0,simple_theft
194,D000195,365.0,simple_theft
195,D000196,485.0,simple_theft
196,D000197,485.0,simple_theft
197,D000198,280.0,simple_theft
198,D000199,240.0,simple_theft
199,D000200,345.0,simple_theft
200,D000201,519.0,simple_theft
201,D000202,365.0,simple_theft
202,D000203,365.0,simple_theft
203,D000204,120.0,simple_theft
204,D000205,365.0,simple_theft
205,D000206,365.0,simple_theft
206,D000207,365.0,simple_theft
207,D000208,495.0,simple_theft
208,D000209,545.0,simple_theft
209,D000210,425.0,simple_theft
210,D000211,365.0,simple_theft
211,D000212,180.0,simple_theft
212,D000213,120.0,simple_theft
213,D000214,320.0,simple_theft
214,D000215,425.0,simple_theft
215,D000216,425.0,simple_theft
216,D000217,365.0,simple_theft
217,D000218,365.0,simple_theft
218,D000219,175.0,simple_theft
219,D000220,365.0,simple_theft
220,D000221,565.0,simple_theft
221,D000222,180.0,simple_theft
222,D000223,455.0,simple_theft
223,D000224,495.0,simple_theft
224,D000225,365.0,simple_theft
225,D000226,365.0,simple_theft
226,D000227,495.0,simple_theft
227,D000228,365.0,simple_theft
228,D000229,425.0,simple_theft
229,D000230,365.0,simple_theft
230,D000231,120.0,simple_theft
231,D000232,180.0,simple_theft
232,D000233,565.0,simple_theft
233,D000234,365.0,simple_theft
234,D000235,216.0,simple_theft
235,D000236,495.0,simple_theft
236,D000237,365.0,simple_theft
237,D000238,365.0,simple_theft
238,D000239,365.0,simple_theft
239,D000240,485.0,simple_theft
240,D000241,425.0,simple_theft
241,D000242,565.0,simple_theft
242,D000243,240.0,simple_theft
243,D000244,425.0,simple_theft
244,D000245,180.0,simple_theft
245,D000246,495.0,simple_theft
246,D000247,365.0,simple_theft
247,D000248,216.0,simple_theft
248,D000249,582.0,simple_theft
249,D000250,365.0,simple_theft
250,D000251,320.0,simple_theft
251,D000252,280.0,simple_theft
252,D000253,545.0,simple_theft
253,D000254,495.0,simple_theft
254,D000255,425.0,simple_theft
255,D000256,365.0,simple_theft
256,D000257,365.0,simple_theft
257,D000258,565.0,simple_theft
258,D000259,163.0,simple_theft
259,D000260,416.0,simple_theft
260,D000261,483.0,simple_theft
261,D000262,210.0,simple_theft
262,D000263,850.0,simple_theft
263,D000264,425.0,simple_theft
264,D000265,425.0,simple_theft
265,D000266,350.0,simple_theft
266,D000267,1095.0,simple_theft
267,D000268,365.0,simple_theft
268,D000269,635.0,simple_theft
269,D000270,240.0,simple_theft
270,D000271,425.0,simple_theft
271,D000272,280.0,simple_theft
272,D000273,272.0,simple_theft
273,D000274,565.0,simple_theft
274,D000275,495.0,simple_theft
275,D000276,730.0,simple_theft
276,D000277,695.0,simple_theft
277,D000278,425.0,simple_theft
278,D000279,365.0,simple_theft
279,D000280,495.0,simple_theft
280,D000281,140.0,simple_theft
281,D000282,906.0,simple_theft
282,D000283,425.0,simple_theft
283,D000284,405.0,simple_theft
284,D000285,425.0,simple_theft
285,D000286,320.0,simple_theft
286,D000287,437.0,simple_theft
287,D000288,240.0,simple_theft
288,D000289,545.0,simple_theft
289,D000290,365.0,simple_theft
290,D000291,1060.0,simple_theft
291,D000292,210.0,simple_theft
292,D000293,495.0,simple_theft
293,D000294,365.0,simple_theft
294,D000295,288.0,simple_theft
295,D000296,210.0,simple_theft
296,D000297,495.0,simple_theft
297,D000298,300.0,simple_theft
298,D000299,365.0,simple_theft
299,D000300,437.0,simple_theft
300,D000301,495.0,simple_theft
301,D000302,365.0,simple_theft
302,D000303,730.0,simple_theft
303,D000304,365.0,simple_theft
304,D000305,502.0,simple_theft
305,D000306,225.0,simple_theft
306,D000307,120.0,simple_theft
307,D000308,495.0,simple_theft
308,D000309,365.0,simple_theft
309,D000310,485.0,simple_theft
310,D000311,210.0,simple_theft
311,D000312,365.0,simple_theft
312,D000313,530.0,simple_theft
313,D000314,437.0,simple_theft
314,D000315,425.0,simple_theft
315,D000316,320.0,simple_theft
316,D000317,495.0,simple_theft
317,D000318,240.0,simple_theft
318,D000319,350.0,simple_theft
319,D000320,180.0,simple_theft
320,D000321,425.0,simple_theft
321,D000322,485.0,simple_theft
322,D000323,365.0,simple_theft
323,D000324,485.0,simple_theft
324,D000325,425.0,simple_theft
325,D000326,365.0,simple_theft
326,D000327,326.0,simple_theft
327,D000328,455.0,simple_theft
328,D000329,140.0,simple_theft
329,D000330,545.0,simple_theft
330,D000331,240.0,simple_theft
331,D000332,217.0,simple_theft
332,D000333,415.0,simple_theft
333,D000334,730.0,simple_theft
334,D000335,365.0,simple_theft
335,D000336,425.0,simple_theft
336,D000337,180.0,simple_theft
337,D000338,425.0,simple_theft
338,D000339,180.0,simple_theft
339,D000340,436.0,simple_theft
340,D000341,280.0,simple_theft
341,D000342,425.0,simple_theft
342,D000343,365.0,simple_theft
343,D000344,425.0,simple_theft
344,D000345,425.0,simple_theft
345,D000346,365.0,simple_theft
346,D000347,565.0,simple_theft
347,D000348,365.0,simple_theft
348,D000349,365.0,simple_theft
349,D000350,410.0,simple_theft
350,D000351,495.0,simple_theft
351,D000352,140.0,simple_theft
352,D000353,565.0,simple_theft
353,D000354,365.0,simple_theft
354,D000355,180.0,simple_theft
355,D000356,425.0,simple_theft
356,D000357,365.0,simple_theft
357,D000358,240.0,simple_theft
358,D000359,213.0,simple_theft
359,D000360,365.0,simple_theft
360,D000361,210.0,simple_theft
361,D000362,425.0,simple_theft
362,D000363,365.0,simple_theft
363,D000364,365.0,simple_theft
364,D000365,495.0,simple_theft
365,D000366,365.0,simple_theft
366,D000367,240.0,simple_theft
367,D000368,365.0,simple_theft
368,D000369,120.0,simple_theft
369,D000370,653.0,simple_theft
370,D000371,500.0,simple_theft
371,D000372,365.0,simple_theft
372,D000373,365.0,simple_theft
373,D000374,495.0,simple_theft
374,D000375,280.0,simple_theft
375,D000376,240.0,simple_theft
376,D000377,495.0,simple_theft
377,D000378,485.0,simple_theft
378,D000379,505.0,simple_theft
379,D000380,280.0,simple_theft
380,D000381,565.0,simple_theft
381,D000382,467.0,simple_theft
382,D000383,599.0,simple_theft
383,D000384,140.0,simple_theft
384,D000385,320.0,simple_theft
385,D000386,210.0,simple_theft
386,D000387,565.0,simple_theft
387,D000388,495.0,simple_theft
388,D000389,240.0,simple_theft
389,D000390,545.0,simple_theft
390,D000391,635.0,simple_theft
391,D000392,328.0,simple_theft
392,D000393,455.0,simple_theft
393,D000394,280.0,simple_theft
394,D000395,675.0,simple_theft
395,D000396,485.0,simple_theft
396,D000397,210.0,simple_theft
397,D000398,425.0,simple_theft
398,D000399,509.0,simple_theft
399,D000400,565.0,simple_theft
400,D000401,120.0,simple_theft
401,D000402,365.0,simple_theft
402,D000403,425.0,simple_theft
403,D000404,440.0,simple_theft
404,D000405,565.0,simple_theft
405,D000406,515.0,simple_theft
406,D000407,437.0,simple_theft
407,D000408,365.0,simple_theft
408,D000409,225.0,simple_theft
409,D000410,365.0,simple_theft
410,D000411,365.0,simple_theft
411,D000412,365.0,simple_theft
412,D000413,300.0,simple_theft
413,D000414,425.0,simple_theft
414,D000415,425.0,simple_theft
415,D000416,565.0,simple_theft
416,D000417,425.0,simple_theft
417,D000418,565.0,simple_theft
418,D000419,365.0,simple_theft
419,D000420,437.0,simple_theft
420,D000421,365.0,simple_theft
421,D000422,495.0,simple_theft
422,D000423,425.0,simple_theft
423,D000424,658.0,simple_theft
424,D000425,605.0,simple_theft
425,D000426,545.0,simple_theft
426,D000427,186.0,simple_theft
427,D000428,634.0,simple_theft
428,D000429,495.0,simple_theft
429,D000430,410.0,simple_theft
430,D000431,160.0,simple_theft
431,D000432,240.0,simple_theft
432,D000433,252.0,simple_theft
433,D000434,365.0,simple_theft
434,D000435,545.0,simple_theft
435,D000436,460.0,simple_theft
436,D000437,365.0,simple_theft
437,D000438,565.0,simple_theft
438,D000439,605.0,simple_theft
439,D000440,425.0,simple_theft
440,D000441,365.0,simple_theft
441,D000442,756.0,simple_theft
442,D000443,565.0,simple_theft
443,D000444,530.0,simple_theft
444,D000445,365.0,simple_theft
445,D000446,509.0,simple_theft
446,D000447,760.0,simple_theft
447,D000448,365.0,simple_theft
448,D000449,565.0,simple_theft
449,D000450,665.0,simple_theft
450,D000451,210.0,simple_theft
451,D000452,291.0,simple_theft
452,D000453,140.0,simple_theft
453,D000454,378.0,simple_theft
454,D000455,425.0,simple_theft
455,D000456,509.0,simple_theft
456,D000457,240.0,simple_theft
457,D000458,440.0,simple_theft
458,D000459,300.0,simple_theft
459,D000460,365.0,simple_theft
460,D000461,485.0,simple_theft
461,D000462,365.0,simple_theft
462,D000463,365.0,simple_theft
463,D000464,425.0,simple_theft
464,D000465,730.0,simple_theft
465,D000466,280.0,simple_theft
466,D000467,288.0,simple_theft
467,D000468,365.0,simple_theft
468,D000469,240.0,simple_theft
469,D000470,485.0,simple_theft
470,D000471,850.0,simple_theft
471,D000472,425.0,simple_theft
472,D000473,280.0,simple_theft
473,D000474,240.0,simple_theft
474,D000475,320.0,simple_theft
475,D000476,378.0,simple_theft
476,D000477,705.0,simple_theft
477,D000478,460.0,simple_theft
478,D000479,425.0,simple_theft
479,D000480,730.0,simple_theft
480,D000481,280.0,simple_theft
481,D000482,326.0,simple_theft
482,D000483,365.0,simple_theft
483,D000484,365.0,simple_theft
484,D000485,495.0,simple_theft
485,D000486,280.0,simple_theft
486,D000487,730.0,simple_theft
487,D000488,365.0,simple_theft
488,D000489,509.0,simple_theft
489,D000490,378.0,simple_theft
490,D000491,240.0,simple_theft
491,D000492,320.0,simple_theft
492,D000493,545.0,simple_theft
493,D000494,365.0,simple_theft
494,D000495,495.0,simple_theft
495,D000496,365.0,simple_theft
496,D000497,970.0,simple_theft
497,D000498,565.0,simple_theft
498,D000499,240.0,simple_theft
499,D000500,280.0,simple_theft
500,D000501,365.0,simple_theft
501,D000502,365.0,simple_theft
502,D000503,365.0,simple_theft
503,D000504,120.0,simple_theft
504,D000505,365.0,simple_theft
505,D000506,60.0,simple_theft
506,D000507,437.0,simple_theft
507,D000508,485.0,simple_theft
508,D000509,160.0,simple_theft
509,D000510,180.0,simple_theft
510,D000511,425.0,simple_theft
511,D000512,240.0,simple_theft
512,D000513,437.0,simple_theft
513,D000514,565.0,simple_theft
514,D000515,365.0,simple_theft
515,D000516,210.0,simple_theft
516,D000517,425.0,simple_theft
517,D000518,365.0,simple_theft
518,D000519,315.0,simple_theft
519,D000520,645.0,simple_theft
520,D000521,240.0,simple_theft
521,D000522,365.0,simple_theft
522,D000523,665.0,simple_theft
523,D000524,485.0,simple_theft
524,D000525,320.0,simple_theft
525,D000526,1215.0,simple_theft
526,D000527,160.0,simple_theft
527,D000528,365.0,simple_theft
528,D000529,365.0,simple_theft
529,D000530,485.0,simple_theft
530,D000531,240.0,simple_theft
531,D000532,252.0,simple_theft
532,D000533,455.0,simple_theft
533,D000534,280.0,simple_theft
534,D000535,425.0,simple_theft
535,D000536,626.0,simple_theft
536,D000537,180.0,simple_theft
537,D000538,545.0,simple_theft
538,D000539,365.0,simple_theft
539,D000540,240.0,simple_theft
540,D000541,380.0,simple_theft
541,D000542,442.0,simple_theft
542,D000543,240.0,simple_theft
543,D000544,365.0,simple_theft
544,D000545,581.0,simple_theft
545,D000546,425.0,simple_theft
546,D000547,365.0,simple_theft
547,D000548,280.0,simple_theft
548,D000549,140.0,simple_theft
549,D000550,485.0,simple_theft
550,D000551,471.0,simple_theft
551,D000552,365.0,simple_theft
552,D000553,180.0,simple_theft
553,D000554,120.0,simple_theft
554,D000555,485.0,simple_theft
555,D000556,365.0,simple_theft
556,D000557,336.0,simple_theft
557,D000558,645.0,simple_theft
558,D000559,705.0,simple_theft
559,D000560,365.0,simple_theft
560,D000561,365.0,simple_theft
561,D000562,1985.0,simple_theft
562,D000563,495.0,simple_theft
563,D000564,120.0,simple_theft
564,D000565,495.0,simple_theft
565,D000566,200.0,simple_theft
566,D000567,365.0,simple_theft
567,D000568,565.0,simple_theft
568,D000569,326.0,simple_theft
569,D000570,425.0,simple_theft
570,D000571,658.0,simple_theft
571,D000572,455.0,simple_theft
572,D000573,545.0,simple_theft
573,D000574,645.0,simple_theft
574,D000575,538.0,simple_theft
575,D000576,545.0,simple_theft
576,D000577,565.0,simple_theft
577,D000578,565.0,simple_theft
578,D000579,425.0,simple_theft
579,D000580,509.0,simple_theft
580,D000581,365.0,simple_theft
581,D000582,140.0,simple_theft
582,D000583,365.0,simple_theft
583,D000584,509.0,simple_theft
584,D000585,425.0,simple_theft
585,D000586,240.0,simple_theft
586,D000587,581.0,simple_theft
587,D000588,120.0,simple_theft
588,D000589,240.0,simple_theft
589,D000590,565.0,simple_theft
590,D000591,565.0,simple_theft
591,D000592,252.0,simple_theft
592,D000593,365.0,simple_theft
593,D000594,658.0,simple_theft
594,D000595,240.0,simple_theft
595,D000596,485.0,simple_theft
596,D000597,495.0,simple_theft
597,D000598,425.0,simple_theft
598,D000599,425.0,simple_theft
599,D000600,455.0,simple_theft
600,D000601,365.0,simple_theft
601,D000602,365.0,simple_theft
602,D000603,405.0,simple_theft
603,D000604,495.0,simple_theft
604,D000605,645.0,simple_theft
605,D000606,236.0,simple_theft
606,D000607,530.0,simple_theft
607,D000608,365.0,simple_theft
608,D000609,437.0,simple_theft
609,D000610,240.0,simple_theft
610,D000611,545.0,simple_theft
611,D000612,485.0,simple_theft
612,D000613,1060.0,simple_theft
613,D000614,210.0,simple_theft
614,D000615,455.0,simple_theft
615,D000616,477.0,simple_theft
616,D000617,425.0,simple_theft
617,D000618,500.0,simple_theft
618,D000619,425.0,simple_theft
619,D000620,554.0,simple_theft
620,D000621,565.0,simple_theft
621,D000622,485.0,simple_theft
622,D000623,626.0,simple_theft
623,D000624,425.0,simple_theft
624,D000625,425.0,simple_theft
625,D000626,202.0,simple_theft
626,D000627,320.0,simple_theft
627,D000628,270.0,simple_theft
628,D000629,120.0,simple_theft
629,D000630,320.0,simple_theft
630,D000631,745.0,simple_theft
631,D000632,565.0,simple_theft
632,D000633,365.0,simple_theft
633,D000634,658.0,simple_theft
634,D000635,575.0,simple_theft
635,D000636,910.0,simple_theft
636,D000637,280.0,simple_theft
637,D000638,240.0,simple_theft
638,D000639,365.0,simple_theft
639,D000640,565.0,simple_theft
640,D000641,210.0,simple_theft
641,D000642,671.0,simple_theft
642,D000643,365.0,simple_theft
643,D000644,210.0,simple_theft
644,D000645,405.0,simple_theft
645,D000646,365.0,simple_theft
646,D000647,425.0,simple_theft
647,D000648,140.0,simple_theft
648,D000649,405.0,simple_theft
649,D000650,365.0,simple_theft
650,D000651,425.0,simple_theft
651,D000652,365.0,simple_theft
652,D000653,500.0,simple_theft
653,D000654,320.0,simple_theft
654,D000655,970.0,simple_theft
655,D000656,425.0,simple_theft
656,D000657,495.0,simple_theft
657,D000658,485.0,simple_theft
658,D000659,365.0,simple_theft
659,D000660,160.0,simple_theft
660,D000661,365.0,simple_theft
661,D000662,425.0,simple_theft
662,D000663,365.0,simple_theft
663,D000664,120.0,simple_theft
664,D000665,425.0,simple_theft
665,D000666,760.0,simple_theft
666,D000667,365.0,simple_theft
667,D000668,326.0,simple_theft
668,D000669,425.0,simple_theft
669,D000670,240.0,simple_theft
670,D000671,645.0,simple_theft
671,D000672,163.0,simple_theft
672,D000673,509.0,simple_theft
673,D000674,365.0,simple_theft
674,D000675,365.0,simple_theft
675,D000676,120.0,simple_theft
676,D000677,210.0,simple_theft
677,D000678,635.0,simple_theft
678,D000679,565.0,simple_theft
679,D000680,320.0,simple_theft
680,D000681,240.0,simple_theft
681,D000682,365.0,simple_theft
682,D000683,680.0,simple_theft
683,D000684,545.0,simple_theft
684,D000685,810.0,simple_theft
685,D000686,730.0,simple_theft
686,D000687,485.0,simple_theft
687,D000688,425.0,simple_theft
688,D000689,240.0,simple_theft
689,D000690,485.0,simple_theft
690,D000691,425.0,simple_theft
691,D000692,565.0,simple_theft
692,D000693,495.0,simple_theft
693,D000694,530.0,simple_theft
694,D000695,120.0,simple_theft
695,D000696,210.0,simple_theft
696,D000697,365.0,simple_theft
697,D000698,365.0,simple_theft
698,D000699,485.0,simple_theft
699,D000700,582.0,simple_theft
700,D000701,705.0,simple_theft
701,D000702,163.0,simple_theft
702,D000703,485.0,simple_theft
703,D000704,405.0,simple_theft
704,D000705,509.0,simple_theft
705,D000706,425.0,simple_theft
706,D000707,495.0,simple_theft
707,D000708,635.0,simple_theft
708,D000709,180.0,simple_theft
709,D000710,175.0,simple_theft
710,D000711,120.0,simple_theft
711,D000712,581.0,simple_theft
712,D000713,326.0,simple_theft
713,D000714,365.0,simple_theft
714,D000715,485.0,simple_theft
715,D000716,485.0,simple_theft
716,D000717,365.0,simple_theft
717,D000718,365.0,simple_theft
718,D000719,471.0,simple_theft
719,D000720,365.0,simple_theft
720,D000721,730.0,simple_theft
721,D000722,365.0,simple_theft
722,D000723,240.0,simple_theft
723,D000724,425.0,simple_theft
724,D000725,495.0,simple_theft
725,D000726,705.0,simple_theft
726,D000727,495.0,simple_theft
727,D000728,425.0,simple_theft
728,D000729,365.0,simple_theft
729,D000730,485.0,simple_theft
730,D000731,565.0,simple_theft
731,D000732,365.0,simple_theft
732,D000733,365.0,simple_theft
733,D000734,565.0,simple_theft
734,D000735,240.0,simple_theft
735,D000736,365.0,simple_theft
736,D000737,431.0,simple_theft
737,D000738,365.0,simple_theft
738,D000739,565.0,simple_theft
739,D000740,730.0,simple_theft
740,D000741,485.0,simple_theft
741,D000742,658.0,simple_theft
742,D000743,285.0,simple_theft
743,D000744,160.0,simple_theft
744,D000745,60.0,simple_theft
745,D000746,634.0,simple_theft
746,D000747,120.0,simple_theft
747,D000748,120.0,simple_theft
748,D000749,365.0,simple_theft
749,D000750,365.0,simple_theft
750,D000751,425.0,simple_theft
751,D000752,565.0,simple_theft
752,D000753,730.0,simple_theft
753,D000754,485.0,simple_theft
754,D000755,365.0,simple_theft
755,D000756,485.0,simple_theft
756,D000757,365.0,simple_theft
757,D000758,378.0,simple_theft
758,D000759,180.0,simple_theft
759,D000760,509.0,simple_theft
760,D000761,365.0,simple_theft
761,D000762,168.0,simple_theft
762,D000763,495.0,simple_theft
763,D000764,365.0,simple_theft
764,D000765,300.0,simple_theft
765,D000766,645.0,simple_theft
766,D000767,210.0,simple_theft
767,D000768,425.0,simple_theft
768,D000769,140.0,simple_theft
769,D000770,288.0,simple_theft
770,D000771,365.0,simple_theft
771,D000772,658.0,simple_theft
772,D000773,225.0,simple_theft
773,D000774,389.0,simple_theft
774,D000775,264.0,simple_theft
775,D000776,221.0,simple_theft
776,D000777,365.0,simple_theft
777,D000778,365.0,simple_theft
778,D000779,365.0,simple_theft
779,D000780,365.0,simple_theft
780,D000781,186.0,simple_theft
781,D000782,495.0,simple_theft
782,D000783,505.0,simple_theft
783,D000784,863.0,simple_theft
784,D000785,140.0,simple_theft
785,D000786,425.0,simple_theft
786,D000787,565.0,simple_theft
787,D000788,425.0,simple_theft
788,D000789,485.0,simple_theft
789,D000790,365.0,simple_theft
790,D000791,1076.0,simple_theft
791,D000792,545.0,simple_theft
792,D000793,460.0,simple_theft
793,D000794,180.0,simple_theft
794,D000795,365.0,simple_theft
795,D000796,365.0,simple_theft
796,D000797,365.0,simple_theft
797,D000798,425.0,simple_theft
798,D000799,850.0,simple_theft
799,D000800,705.0,simple_theft
800,D000801,658.0,simple_theft
801,D000802,180.0,simple_theft
802,D000803,671.0,simple_theft
803,D000804,425.0,simple_theft
804,D000805,365.0,simple_theft
805,D000806,186.0,simple_theft
806,D000807,485.0,simple_theft
807,D000808,240.0,simple_theft
808,D000809,160.0,simple_theft
809,D000810,210.0,simple_theft
810,D000811,160.0,simple_theft
811,D000812,365.0,simple_theft
812,D000813,410.0,simple_theft
813,D000814,605.0,simple_theft
814,D000815,485.0,simple_theft
815,D000816,485.0,simple_theft
816,D000817,425.0,simple_theft
817,D000818,495.0,simple_theft
818,D000819,425.0,simple_theft
819,D000820,425.0,simple_theft
820,D000821,581.0,simple_theft
821,D000822,565.0,simple_theft
822,D000823,210.0,simple_theft
823,D000824,210.0,simple_theft
824,D000825,120.0,simple_theft
825,D000826,120.0,simple_theft
826,D000827,365.0,simple_theft
827,D000828,365.0,simple_theft
828,D000829,365.0,simple_theft
829,D000830,437.0,simple_theft
830,D000831,326.0,simple_theft
831,D000832,240.0,simple_theft
832,D000833,365.0,simple_theft
833,D000834,538.0,simple_theft
834,D000835,245.0,simple_theft
835,D000836,621.0,simple_theft
836,D000837,605.0,simple_theft
837,D000838,495.0,simple_theft
838,D000839,425.0,simple_theft
839,D000840,365.0,simple_theft
840,D000841,410.0,simple_theft
841,D000842,160.0,simple_theft
842,D000843,565.0,simple_theft
843,D000844,240.0,simple_theft
844,D000845,365.0,simple_theft
845,D000846,365.0,simple_theft
846,D000847,365.0,simple_theft
847,D000848,850.0,simple_theft
848,D000849,605.0,simple_theft
849,D000850,645.0,simple_theft
850,D000851,605.0,simple_theft
851,D000852,120.0,simple_theft
852,D000853,425.0,simple_theft
853,D000854,320.0,simple_theft
854,D000855,326.0,simple_theft
855,D000856,425.0,simple_theft
856,D000857,80.0,simple_theft
857,D000858,500.0,simple_theft
858,D000859,730.0,simple_theft
859,D000860,545.0,simple_theft
860,D000861,280.0,simple_theft
861,D000862,365.0,simple_theft
862,D000863,495.0,simple_theft
863,D000864,240.0,simple_theft
864,D000865,365.0,simple_theft
865,D000866,365.0,simple_theft
866,D000867,326.0,simple_theft
867,D000868,365.0,simple_theft
868,D000869,425.0,simple_theft
869,D000870,365.0,simple_theft
870,D000871,365.0,simple_theft
871,D000872,565.0,simple_theft
872,D000873,240.0,simple_theft
873,D000874,495.0,simple_theft
874,D000875,155.0,simple_theft
875,D000876,365.0,simple_theft
876,D000877,705.0,simple_theft
877,D000878,730.0,simple_theft
878,D000879,425.0,simple_theft
879,D000880,180.0,simple_theft
880,D000881,240.0,simple_theft
881,D000882,645.0,simple_theft
882,D000883,365.0,simple_theft
883,D000884,545.0,simple_theft
884,D000885,240.0,simple_theft
885,D000886,410.0,simple_theft
886,D000887,425.0,simple_theft
887,D000888,280.0,simple_theft
888,D000889,425.0,simple_theft
889,D000890,245.0,simple_theft
890,D000891,350.0,simple_theft
891,D000892,437.0,simple_theft
892,D000893,565.0,simple_theft
893,D000894,495.0,simple_theft
894,D000895,365.0,simple_theft
895,D000896,280.0,simple_theft
896,D000897,365.0,simple_theft
897,D000898,425.0,simple_theft
898,D000899,565.0,simple_theft
899,D000900,240.0,simple_theft
900,D000901,365.0,simple_theft
901,D000902,565.0,simple_theft
902,D000903,365.0,simple_theft
903,D000904,565.0,simple_theft
904,D000905,495.0,simple_theft
905,D000906,365.0,simple_theft
906,D000907,365.0,simple_theft
907,D000908,365.0,simple_theft
908,D000909,425.0,simple_theft
909,D000910,565.0,simple_theft
910,D000911,425.0,simple_theft
911,D000912,477.0,simple_theft
912,D000913,150.0,simple_theft
913,D000914,270.0,simple_theft
914,D000915,365.0,simple_theft
915,D000916,605.0,simple_theft
916,D000917,495.0,simple_theft
917,D000918,565.0,simple_theft
918,D000919,455.0,simple_theft
919,D000920,485.0,simple_theft
920,D000921,545.0,simple_theft
921,D000922,425.0,simple_theft
922,D000923,495.0,simple_theft
923,D000924,565.0,simple_theft
924,D000925,565.0,simple_theft
925,D000926,365.0,simple_theft
926,D000927,730.0,simple_theft
927,D000928,425.0,simple_theft
928,D000929,163.0,simple_theft
929,D000930,365.0,simple_theft
930,D000931,645.0,simple_theft
931,D000932,425.0,simple_theft
932,D000933,365.0,simple_theft
933,D000934,425.0,simple_theft
934,D000935,425.0,simple_theft
935,D000936,425.0,simple_theft
936,D000937,319.0,simple_theft
937,D000938,565.0,simple_theft
938,D000939,140.0,simple_theft
939,D000940,425.0,simple_theft
940,D000941,425.0,simple_theft
941,D000942,576.0,simple_theft
942,D000943,365.0,simple_theft
943,D000944,120.0,simple_theft
944,D000945,425.0,simple_theft
945,D000946,365.0,simple_theft
946,D000947,500.0,simple_theft
947,D000948,495.0,simple_theft
948,D000949,485.0,simple_theft
949,D000950,320.0,simple_theft
950,D000951,365.0,simple_theft
951,D000952,565.0,simple_theft
952,D000953,593.0,simple_theft
953,D000954,220.0,simple_theft
954,D000955,326.0,simple_theft
955,D000956,514.0,simple_theft
956,D000957,180.0,simple_theft
957,D000958,485.0,simple_theft
958,D000959,509.0,simple_theft
959,D000960,240.0,simple_theft
960,D000961,140.0,simple_theft
961,D000962,425.0,simple_theft
962,D000963,262.0,simple_theft
963,D000964,365.0,simple_theft
964,D000965,378.0,simple_theft
965,D000966,180.0,simple_theft
966,D000967,180.0,simple_theft
967,D000968,1095.0,simple_theft
968,D000969,495.0,simple_theft
969,D000970,425.0,simple_theft
970,D000971,320.0,simple_theft
971,D000972,495.0,simple_theft
972,D000973,495.0,simple_theft
973,D000974,170.0,simple_theft
974,D000975,280.0,simple_theft
975,D000976,365.0,simple_theft
976,D000977,518.0,simple_theft
977,D000978,365.0,simple_theft
978,D000979,850.0,simple_theft
979,D000980,437.0,simple_theft
980,D000981,1700.0,simple_theft
981,D000982,180.0,simple_theft
982,D000983,495.0,simple_theft
983,D000984,365.0,simple_theft
984,D000985,680.0,simple_theft
985,D000986,425.0,simple_theft
986,D000987,576.0,simple_theft
987,D000988,120.0,simple_theft
988,D000989,485.0,simple_theft
989,D000990,425.0,simple_theft
990,D000991,495.0,simple_theft
991,D000992,365.0,simple_theft
992,D000993,605.0,simple_theft
993,D000994,820.0,simple_theft
994,D000995,545.0,simple_theft
995,D000996,365.0,simple_theft
996,D000997,160.0,simple_theft
997,D000998,437.0,simple_theft
998,D000999,505.0,simple_theft
999,D001000,365.0,simple_theft
1000,D001001,885.0,simple_theft
1001,D001002,186.0,simple_theft
1002,D001003,417.0,simple_theft
1003,D001004,365.0,simple_theft
1004,D001005,240.0,simple_theft
1005,D001006,550.0,simple_theft
1006,D001007,677.0,simple_theft
1007,D001008,365.0,simple_theft
1008,D001009,365.0,simple_theft
1009,D001010,425.0,simple_theft
1010,D001011,365.0,simple_theft
1011,D001012,405.0,simple_theft
1012,D001013,213.0,simple_theft
1013,D001014,120.0,simple_theft
1014,D001015,365.0,simple_theft
1015,D001016,565.0,simple_theft
1016,D001017,365.0,simple_theft
1017,D001018,425.0,simple_theft
1018,D001019,120.0,simple_theft
1019,D001020,425.0,simple_theft
1020,D001021,705.0,simple_theft
1021,D001022,455.0,simple_theft
1022,D001023,437.0,simple_theft
1023,D001024,658.0,simple_theft
1024,D001025,810.0,simple_theft
1025,D001026,530.0,simple_theft
1026,D001027,425.0,simple_theft
1027,D001028,405.0,simple_theft
1028,D001029,365.0,simple_theft
1029,D001030,425.0,simple_theft
1030,D001031,530.0,simple_theft
1031,D001032,645.0,simple_theft
1032,D001033,365.0,simple_theft
1033,D001034,405.0,simple_theft
1034,D001035,425.0,simple_theft
1035,D001036,365.0,simple_theft
1036,D001037,635.0,simple_theft
1037,D001038,120.0,simple_theft
1038,D001039,645.0,simple_theft
1039,D001040,485.0,simple_theft
1040,D001041,365.0,simple_theft
1041,D001042,910.0,simple_theft
1042,D001043,240.0,simple_theft
1043,D001044,425.0,simple_theft
1044,D001045,365.0,simple_theft
1045,D001046,365.0,simple_theft
1046,D001047,365.0,simple_theft
1047,D001048,365.0,simple_theft
1048,D001049,326.0,simple_theft
1049,D001050,405.0,simple_theft
1050,D001051,417.0,simple_theft
1051,D001052,210.0,simple_theft
1052,D001053,495.0,simple_theft
1053,D001054,365.0,simple_theft
1054,D001055,425.0,simple_theft
1055,D001056,365.0,simple_theft
1056,D001057,495.0,simple_theft
1057,D001058,240.0,simple_theft
1058,D001059,210.0,simple_theft
1059,D001060,471.0,simple_theft
1060,D001061,565.0,simple_theft
1061,D001062,565.0,simple_theft
1062,D001063,365.0,simple_theft
1063,D001064,240.0,simple_theft
1064,D001065,425.0,simple_theft
1065,D001066,245.0,simple_theft
1066,D001067,485.0,simple_theft
1067,D001068,365.0,simple_theft
1068,D001069,485.0,simple_theft
1069,D001070,495.0,simple_theft
1070,D001071,240.0,simple_theft
1071,D001072,425.0,simple_theft
1072,D001073,365.0,simple_theft
1073,D001074,850.0,simple_theft
1074,D001075,455.0,simple_theft
1075,D001076,186.0,simple_theft
1076,D001077,365.0,simple_theft
1077,D001078,455.0,simple_theft
1078,D001079,210.0,simple_theft
1079,D001080,565.0,simple_theft
1080,D001081,523.0,simple_theft
1081,D001082,365.0,simple_theft
1082,D001083,365.0,simple_theft
1083,D001084,425.0,simple_theft
1084,D001085,810.0,simple_theft
1085,D001086,437.0,simple_theft
1086,D001087,425.0,simple_theft
1087,D001088,120.0,simple_theft
1088,D001089,545.0,simple_theft
1089,D001090,425.0,simple_theft
1090,D001091,280.0,simple_theft
1091,D001092,410.0,simple_theft
1092,D001093,545.0,simple_theft
1093,D001094,330.0,simple_theft
1094,D001095,680.0,simple_theft
1095,D001096,365.0,simple_theft
1096,D001097,485.0,simple_theft
1097,D001098,217.0,simple_theft
1098,D001099,425.0,simple_theft
1099,D001100,437.0,simple_theft
1100,D001101,485.0,simple_theft
1101,D001102,180.0,simple_theft
1102,D001103,213.0,simple_theft
1103,D001104,365.0,simple_theft
1104,D001105,705.0,simple_theft
1105,D001106,365.0,simple_theft
1106,D001107,565.0,simple_theft
1107,D001108,365.0,simple_theft
1108,D001109,692.0,simple_theft
1109,D001110,500.0,simple_theft
1110,D001111,565.0,simple_theft
1111,D001112,530.0,simple_theft
1112,D001113,365.0,simple_theft
1113,D001114,365.0,simple_theft
1114,D001115,485.0,simple_theft
1115,D001116,495.0,simple_theft
1116,D001117,425.0,simple_theft
1117,D001118,565.0,simple_theft
1118,D001119,495.0,simple_theft
1119,D001120,1095.0,simple_theft
1120,D001121,365.0,simple_theft
1121,D001122,485.0,simple_theft
1122,D001123,365.0,simple_theft
1123,D001124,1460.0,simple_theft
1124,D001125,495.0,simple_theft
1125,D001126,365.0,simple_theft
1126,D001127,605.0,simple_theft
1127,D001128,425.0,simple_theft
1128,D001129,365.0,simple_theft
1129,D001130,365.0,simple_theft
1130,D001131,425.0,simple_theft
1131,D001132,425.0,simple_theft
1132,D001133,365.0,simple_theft
1133,D001134,626.0,simple_theft
1134,D001135,216.0,simple_theft
1135,D001136,495.0,simple_theft
1136,D001137,378.0,simple_theft
1137,D001138,485.0,simple_theft
1138,D001139,245.0,simple_theft
1139,D001140,425.0,simple_theft
1140,D001141,425.0,simple_theft
1141,D001142,635.0,simple_theft
1142,D001143,365.0,simple_theft
1143,D001144,425.0,simple_theft
1144,D001145,365.0,simple_theft
1145,D001146,365.0,simple_theft
1146,D001147,345.0,simple_theft
1147,D001148,565.0,simple_theft
1148,D001149,425.0,simple_theft
1149,D001150,120.0,simple_theft
1150,D001151,515.0,simple_theft
1151,D001152,599.0,simple_theft
1152,D001153,545.0,simple_theft
1153,D001154,280.0,simple_theft
1154,D001155,495.0,simple_theft
1155,D001156,425.0,simple_theft
1156,D001157,365.0,simple_theft
1157,D001158,902.0,simple_theft
1158,D001159,240.0,simple_theft
1159,D001160,425.0,simple_theft
1160,D001161,160.0,simple_theft
1161,D001162,565.0,simple_theft
1162,D001163,495.0,simple_theft
1163,D001164,466.0,simple_theft
1164,D001165,365.0,simple_theft
1165,D001166,437.0,simple_theft
1166,D001167,365.0,simple_theft
1167,D001168,280.0,simple_theft
1168,D001169,256.0,simple_theft
1169,D001170,210.0,simple_theft
1170,D001171,365.0,simple_theft
1171,D001172,120.0,simple_theft
1172,D001173,425.0,simple_theft
1173,D001174,163.0,simple_theft
1174,D001175,545.0,simple_theft
1175,D001176,365.0,simple_theft
1176,D001177,425.0,simple_theft
1177,D001178,365.0,simple_theft
1178,D001179,485.0,simple_theft
1179,D001180,365.0,simple_theft
1180,D001181,455.0,simple_theft
1181,D001182,581.0,simple_theft
1182,D001183,365.0,simple_theft
1183,D001184,365.0,simple_theft
1184,D001185,565.0,simple_theft
1185,D001186,365.0,simple_theft
1186,D001187,485.0,simple_theft
1187,D001188,460.0,simple_theft
1188,D001189,280.0,simple_theft
1189,D001190,365.0,simple_theft
1190,D001191,180.0,simple_theft
1191,D001192,530.0,simple_theft
1192,D001193,565.0,simple_theft
1193,D001194,280.0,simple_theft
1194,D001195,180.0,simple_theft
1195,D001196,140.0,simple_theft
1196,D001197,365.0,simple_theft
1197,D001198,210.0,simple_theft
1198,D001199,378.0,simple_theft
1199,D001200,425.0,simple_theft
1200,D001201,485.0,simple_theft
1201,D001202,365.0,simple_theft
1202,D001203,425.0,simple_theft
1203,D001204,240.0,simple_theft
1204,D001205,240.0,simple_theft
1205,D001206,120.0,simple_theft
1206,D001207,327.0,simple_theft
1207,D001208,425.0,simple_theft
1208,D001209,365.0,simple_theft
1209,D001210,756.0,simple_theft
1210,D001211,365.0,simple_theft
1211,D001212,582.0,simple_theft
1212,D001213,378.0,simple_theft
1213,D001214,245.0,simple_theft
1214,D001215,545.0,simple_theft
1215,D001216,288.0,simple_theft
1216,D001217,213.0,simple_theft
1217,D001218,120.0,simple_theft
1218,D001219,680.0,simple_theft
1219,D001220,565.0,simple_theft
1220,D001221,485.0,simple_theft
1221,D001222,485.0,simple_theft
1222,D001223,425.0,simple_theft
1223,D001224,365.0,simple_theft
1224,D001225,378.0,simple_theft
1225,D001226,850.0,simple_theft
1226,D001227,495.0,simple_theft
1227,D001228,365.0,simple_theft
1228,D001229,350.0,simple_theft
1229,D001230,658.0,simple_theft
1230,D001231,186.0,simple_theft
1231,D001232,425.0,simple_theft
1232,D001233,485.0,simple_theft
1233,D001234,425.0,simple_theft
1234,D001235,437.0,simple_theft
1235,D001236,515.0,simple_theft
1236,D001237,425.0,simple_theft
1237,D001238,120.0,simple_theft
1238,D001239,425.0,simple_theft
1239,D001240,180.0,simple_theft
1240,D001241,778.0,simple_theft
1241,D001242,485.0,simple_theft
1242,D001243,245.0,simple_theft
1243,D001244,262.0,simple_theft
1244,D001245,365.0,simple_theft
1245,D001246,635.0,simple_theft
1246,D001247,425.0,simple_theft
1247,D001248,530.0,simple_theft
1248,D001249,240.0,simple_theft
1249,D001250,760.0,simple_theft
1250,D001251,1005.0,simple_theft
1251,D001252,210.0,simple_theft
1252,D001253,850.0,simple_theft
1253,D001254,485.0,simple_theft
1254,D001255,365.0,simple_theft
1255,D001256,365.0,simple_theft
1256,D001257,180.0,simple_theft
1257,D001258,658.0,simple_theft
1258,D001259,485.0,simple_theft
1259,D001260,431.0,simple_theft
1260,D001261,365.0,simple_theft
1261,D001262,314.0,simple_theft
1262,D001263,425.0,simple_theft
1263,D001264,730.0,simple_theft
1264,D001265,240.0,simple_theft
1265,D001266,260.0,simple_theft
1266,D001267,365.0,simple_theft
1267,D001268,509.0,simple_theft
1268,D001269,210.0,simple_theft
1269,D001270,455.0,simple_theft
1270,D001271,565.0,simple_theft
1271,D001272,425.0,simple_theft
1272,D001273,180.0,simple_theft
1273,D001274,425.0,simple_theft
1274,D001275,425.0,simple_theft
1275,D001276,280.0,simple_theft
1276,D001277,677.0,simple_theft
1277,D001278,425.0,simple_theft
1278,D001279,240.0,simple_theft
1279,D001280,213.0,simple_theft
1280,D001281,240.0,simple_theft
1281,D001282,180.0,simple_theft
1282,D001283,365.0,simple_theft
1283,D001284,425.0,simple_theft
1284,D001285,365.0,simple_theft
1285,D001286,395.0,simple_theft
1286,D001287,485.0,simple_theft
1287,D001288,565.0,simple_theft
1288,D001289,440.0,simple_theft
1289,D001290,425.0,simple_theft
1290,D001291,538.0,simple_theft
1291,D001292,635.0,simple_theft
1292,D001293,485.0,simple_theft
1293,D001294,509.0,simple_theft
1294,D001295,425.0,simple_theft
1295,D001296,425.0,simple_theft
1296,D001297,163.0,simple_theft
1297,D001298,140.0,simple_theft
1298,D001299,365.0,simple_theft
1299,D001300,485.0,simple_theft
1300,D001301,425.0,simple_theft
1301,D001302,365.0,simple_theft
1302,D001303,680.0,simple_theft
1303,D001304,120.0,simple_theft
1304,D001305,495.0,simple_theft
1305,D001306,405.0,simple_theft
1306,D001307,575.0,simple_theft
1307,D001308,425.0,simple_theft
1308,D001309,645.0,simple_theft
1309,D001310,495.0,simple_theft
1310,D001311,365.0,simple_theft
1311,D001312,240.0,simple_theft
1312,D001313,437.0,simple_theft
1313,D001314,365.0,simple_theft
1314,D001315,410.0,simple_theft
1315,D001316,240.0,simple_theft
1316,D001317,240.0,simple_theft
1317,D001318,240.0,simple_theft
1318,D001319,495.0,simple_theft
1319,D001320,437.0,simple_theft
1320,D001321,225.0,simple_theft
1321,D001322,810.0,simple_theft
1322,D001323,545.0,simple_theft
1323,D001324,266.0,simple_theft
1324,D001325,485.0,simple_theft
1325,D001326,380.0,simple_theft
1326,D001327,365.0,simple_theft
1327,D001328,175.0,simple_theft
1328,D001329,565.0,simple_theft
1329,D001330,677.0,simple_theft
1330,D001331,425.0,simple_theft
1331,D001332,593.0,simple_theft
1332,D001333,280.0,simple_theft
1333,D001334,425.0,simple_theft
1334,D001335,365.0,simple_theft
1335,D001336,850.0,simple_theft
1336,D001337,365.0,simple_theft
1337,D001338,365.0,simple_theft
1338,D001339,425.0,simple_theft
1339,D001340,730.0,simple_theft
1340,D001341,280.0,simple_theft
1341,D001342,180.0,simple_theft
1342,D001343,320.0,simple_theft
1343,D001344,495.0,simple_theft
1344,D001345,505.0,simple_theft
1345,D001346,565.0,simple_theft
1346,D001347,365.0,simple_theft
1347,D001348,576.0,simple_theft
1348,D001349,365.0,simple_theft
1349,D001350,495.0,simple_theft
1350,D001351,425.0,simple_theft
1351,D001352,106.0,simple_theft
1352,D001353,425.0,simple_theft
1353,D001354,300.0,simple_theft
1354,D001355,180.0,simple_theft
1355,D001356,509.0,simple_theft
1356,D001357,365.0,simple_theft
1357,D001358,245.0,simple_theft
1358,D001359,365.0,simple_theft
1359,D001360,192.0,simple_theft
1360,D001361,495.0,simple_theft
1361,D001362,730.0,simple_theft
1362,D001363,425.0,simple_theft
1363,D001364,180.0,simple_theft
1364,D001365,485.0,simple_theft
1365,D001366,477.0,simple_theft
1366,D001367,425.0,simple_theft
1367,D001368,658.0,simple_theft
1368,D001369,730.0,simple_theft
1369,D001370,530.0,simple_theft
1370,D001371,581.0,simple_theft
1371,D001372,495.0,simple_theft
1372,D001373,779.0,simple_theft
1373,D001374,288.0,simple_theft
1374,D001375,326.0,simple_theft
1375,D001376,140.0,simple_theft
1376,D001377,425.0,simple_theft
1377,D001378,380.0,simple_theft
1378,D001379,645.0,simple_theft
1379,D001380,645.0,simple_theft
1380,D001381,245.0,simple_theft
1381,D001382,970.0,simple_theft
1382,D001383,485.0,simple_theft
1383,D001384,150.0,simple_theft
1384,D001385,405.0,simple_theft
1385,D001386,240.0,simple_theft
1386,D001387,576.0,simple_theft
1387,D001388,405.0,simple_theft
1388,D001389,180.0,simple_theft
1389,D001390,240.0,simple_theft
1390,D001391,605.0,simple_theft
1391,D001392,425.0,simple_theft
1392,D001393,365.0,simple_theft
1393,D001394,485.0,simple_theft
1394,D001395,365.0,simple_theft
1395,D001396,425.0,simple_theft
1396,D001397,485.0,simple_theft
1397,D001398,425.0,simple_theft
1398,D001399,365.0,simple_theft
1399,D001400,565.0,simple_theft
1400,D001401,365.0,simple_theft
1401,D001402,240.0,simple_theft
1402,D001403,565.0,simple_theft
1403,D001404,120.0,simple_theft
1404,D001405,365.0,simple_theft
1405,D001406,425.0,simple_theft
1406,D001407,425.0,simple_theft
1407,D001408,330.0,simple_theft
1408,D001409,495.0,simple_theft
1409,D001410,365.0,simple_theft
1410,D001411,410.0,simple_theft
1411,D001412,180.0,simple_theft
1412,D001413,582.0,simple_theft
1413,D001414,365.0,simple_theft
1414,D001415,477.0,simple_theft
1415,D001416,1135.0,simple_theft
1416,D001417,365.0,simple_theft
1417,D001418,545.0,simple_theft
1418,D001419,545.0,simple_theft
1419,D001420,425.0,simple_theft
1420,D001421,495.0,simple_theft
1421,D001422,210.0,simple_theft
1422,D001423,210.0,simple_theft
1423,D001424,495.0,simple_theft
1424,D001425,280.0,simple_theft
1425,D001426,730.0,simple_theft
1426,D001427,180.0,simple_theft
1427,D001428,180.0,simple_theft
1428,D001429,365.0,simple_theft
1429,D001430,425.0,simple_theft
1430,D001431,545.0,simple_theft
1431,D001432,545.0,simple_theft
1432,D001433,365.0,simple_theft
1433,D001434,485.0,simple_theft
1434,D001435,365.0,simple_theft
1435,D001436,365.0,simple_theft
1436,D001437,500.0,simple_theft
1437,D001438,485.0,simple_theft
1438,D001439,365.0,simple_theft
1439,D001440,326.0,simple_theft
1440,D001441,850.0,simple_theft
1441,D001442,425.0,simple_theft
1442,D001443,240.0,simple_theft
1443,D001444,120.0,simple_theft
1444,D001445,120.0,simple_theft
1445,D001446,365.0,simple_theft
1446,D001447,485.0,simple_theft
1447,D001448,432.0,simple_theft
1448,D001449,240.0,simple_theft
1449,D001450,365.0,simple_theft
1450,D001451,485.0,simple_theft
1451,D001452,495.0,simple_theft
1452,D001453,495.0,simple_theft
1453,D001454,425.0,simple_theft
1454,D001455,760.0,simple_theft
1455,D001456,245.0,simple_theft
1456,D001457,365.0,simple_theft
1457,D001458,326.0,simple_theft
1458,D001459,210.0,simple_theft
1459,D001460,365.0,simple_theft
1460,D001461,240.0,simple_theft
1461,D001462,425.0,simple_theft
1462,D001463,140.0,simple_theft
1463,D001464,775.0,simple_theft
1464,D001465,365.0,simple_theft
1465,D001466,180.0,simple_theft
1466,D001467,565.0,simple_theft
1467,D001468,425.0,simple_theft
1468,D001469,437.0,simple_theft
1469,D001470,545.0,simple_theft
1470,D001471,1095.0,simple_theft
1471,D001472,455.0,simple_theft
1472,D001473,485.0,simple_theft
1473,D001474,240.0,simple_theft
1474,D001475,485.0,simple_theft
1475,D001476,485.0,simple_theft
1476,D001477,485.0,simple_theft
1477,D001478,425.0,simple_theft
1478,D001479,495.0,simple_theft
1479,D001480,252.0,simple_theft
1480,D001481,425.0,simple_theft
1481,D001482,210.0,simple_theft
1482,D001483,350.0,simple_theft
1483,D001484,495.0,simple_theft
1484,D001485,120.0,simple_theft
1485,D001486,365.0,simple_theft
1486,D001487,730.0,simple_theft
1487,D001488,240.0,simple_theft
1488,D001489,385.0,simple_theft
1489,D001490,495.0,simple_theft
1490,D001491,495.0,simple_theft
1491,D001492,245.0,simple_theft
1492,D001493,365.0,simple_theft
1493,D001494,645.0,simple_theft
1494,D001495,120.0,simple_theft
1495,D001496,365.0,simple_theft
1496,D001497,280.0,simple_theft
1497,D001498,425.0,simple_theft
1498,D001499,365.0,simple_theft
1499,D001500,485.0,simple_theft
1500,D001501,365.0,simple_theft
1501,D001502,120.0,simple_theft
1502,D001503,495.0,simple_theft
1503,D001504,591.0,simple_theft
1504,D001505,320.0,simple_theft
1505,D001506,120.0,simple_theft
1506,D001507,425.0,simple_theft
1507,D001508,365.0,simple_theft
1508,D001509,365.0,simple_theft
1509,D001510,365.0,simple_theft
1510,D001511,553.0,simple_theft
1511,D001512,210.0,simple_theft
1512,D001513,240.0,simple_theft
1513,D001514,365.0,simple_theft
1514,D001515,365.0,simple_theft
1515,D001516,379.0,simple_theft
1516,D001517,413.0,simple_theft
1517,D001518,455.0,simple_theft
1518,D001519,425.0,simple_theft
1519,D001520,365.0,simple_theft
1520,D001521,365.0,simple_theft
1521,D001522,210.0,simple_theft
1522,D001523,365.0,simple_theft
1523,D001524,240.0,simple_theft
1524,D001525,180.0,simple_theft
1525,D001526,365.0,simple_theft
1526,D001527,455.0,simple_theft
1527,D001528,320.0,simple_theft
1528,D001529,365.0,simple_theft
1529,D001530,378.0,simple_theft
1530,D001531,730.0,simple_theft
1531,D001532,495.0,simple_theft
1532,D001533,565.0,simple_theft
1533,D001534,705.0,simple_theft
1534,D001535,437.0,simple_theft
1535,D001536,180.0,simple_theft
1536,D001537,425.0,simple_theft
1537,D001538,645.0,simple_theft
1538,D001539,240.0,simple_theft
1539,D001540,280.0,simple_theft
1540,D001541,495.0,simple_theft
1541,D001542,565.0,simple_theft
1542,D001543,425.0,simple_theft
1543,D001544,365.0,simple_theft
1544,D001545,326.0,simple_theft
1545,D001546,180.0,simple_theft
1546,D001547,365.0,simple_theft
1547,D001548,365.0,simple_theft
1548,D001549,365.0,simple_theft
1549,D001550,240.0,simple_theft
1550,D001551,635.0,simple_theft
1551,D001552,365.0,simple_theft
1552,D001553,477.0,simple_theft
1553,D001554,485.0,simple_theft
1554,D001555,280.0,simple_theft
1555,D001556,425.0,simple_theft
1556,D001557,425.0,simple_theft
1557,D001558,425.0,simple_theft
1558,D001559,240.0,simple_theft
1559,D001560,140.0,simple_theft
1560,D001561,495.0,simple_theft
1561,D001562,280.0,simple_theft
1562,D001563,240.0,simple_theft
1563,D001564,545.0,simple_theft
1564,D001565,425.0,simple_theft
1565,D001566,485.0,simple_theft
1566,D001567,485.0,simple_theft
1567,D001568,216.0,simple_theft
1568,D001569,365.0,simple_theft
1569,D001570,413.0,simple_theft
1570,D001571,485.0,simple_theft
1571,D001572,336.0,simple_theft
1572,D001573,365.0,simple_theft
1573,D001574,495.0,simple_theft
1574,D001575,365.0,simple_theft
1575,D001576,140.0,simple_theft
1576,D001577,665.0,simple_theft
1577,D001578,365.0,simple_theft
1578,D001579,365.0,simple_theft
1579,D001580,240.0,simple_theft
1580,D001581,495.0,simple_theft
1581,D001582,270.0,simple_theft
1582,D001583,425.0,simple_theft
1583,D001584,437.0,simple_theft
1584,D001585,756.0,simple_theft
1585,D001586,425.0,simple_theft
1586,D001587,365.0,simple_theft
1587,D001588,262.0,simple_theft
1588,D001589,365.0,simple_theft
1589,D001590,365.0,simple_theft
1590,D001591,365.0,simple_theft
1591,D001592,365.0,simple_theft
1592,D001593,120.0,simple_theft
1593,D001594,730.0,simple_theft
1594,D001595,378.0,simple_theft
1595,D001596,425.0,simple_theft
1596,D001597,365.0,simple_theft
1597,D001598,365.0,simple_theft
1598,D001599,180.0,simple_theft
1599,D001600,240.0,simple_theft
1600,D001601,425.0,simple_theft
1601,D001602,180.0,simple_theft
1602,D001603,337.0,simple_theft
1603,D001604,365.0,simple_theft
1604,D001605,240.0,simple_theft
1605,D001606,160.0,simple_theft
1606,D001607,495.0,simple_theft
1607,D001608,365.0,simple_theft
1608,D001609,730.0,simple_theft
1609,D001610,425.0,simple_theft
1610,D001611,671.0,simple_theft
1611,D001612,437.0,simple_theft
1612,D001613,280.0,simple_theft
1613,D001614,378.0,simple_theft
1614,D001615,425.0,simple_theft
1615,D001616,365.0,simple_theft
1616,D001617,455.0,simple_theft
1617,D001618,425.0,simple_theft
1618,D001619,378.0,simple_theft
1619,D001620,365.0,simple_theft
1620,D001621,320.0,simple_theft
1621,D001622,140.0,simple_theft
1622,D001623,1215.0,simple_theft
1623,D001624,280.0,simple_theft
1624,D001625,365.0,simple_theft
1625,D001626,280.0,simple_theft
1626,D001627,210.0,simple_theft
1627,D001628,365.0,simple_theft
1628,D001629,425.0,simple_theft
1629,D001630,495.0,simple_theft
1630,D001631,545.0,simple_theft
1631,D001632,485.0,simple_theft
1632,D001633,425.0,simple_theft
1633,D001634,410.0,simple_theft
1634,D001635,378.0,simple_theft
1635,D001636,658.0,simple_theft
1636,D001637,405.0,simple_theft
1637,D001638,455.0,simple_theft
1638,D001639,425.0,simple_theft
1639,D001640,437.0,simple_theft
1640,D001641,365.0,simple_theft
1641,D001642,576.0,simple_theft
1642,D001643,485.0,simple_theft
1643,D001644,365.0,simple_theft
1644,D001645,240.0,simple_theft
1645,D001646,365.0,simple_theft
1646,D001647,365.0,simple_theft
1647,D001648,635.0,simple_theft
1648,D001649,210.0,simple_theft
1649,D001650,485.0,simple_theft
1650,D001651,365.0,simple_theft
1651,D001652,525.0,simple_theft
1652,D001653,365.0,simple_theft
1653,D001654,485.0,simple_theft
1654,D001655,730.0,simple_theft
1655,D001656,635.0,simple_theft
1656,D001657,365.0,simple_theft
1657,D001658,365.0,simple_theft
1658,D001659,280.0,simple_theft
1659,D001660,425.0,simple_theft
1660,D001661,365.0,simple_theft
1661,D001662,365.0,simple_theft
1662,D001663,240.0,simple_theft
1663,D001664,365.0,simple_theft
1664,D001665,365.0,simple_theft
1665,D001666,425.0,simple_theft
1666,D001667,425.0,simple_theft
1667,D001668,365.0,simple_theft
1668,D001669,485.0,simple_theft
1669,D001670,425.0,simple_theft
1670,D001671,495.0,simple_theft
1671,D001672,365.0,simple_theft
1672,D001673,425.0,simple_theft
1673,D001674,240.0,simple_theft
1674,D001675,240.0,simple_theft
1675,D001676,280.0,simple_theft
1676,D001677,425.0,simple_theft
1677,D001678,180.0,simple_theft
1678,D001679,425.0,simple_theft
1679,D001680,425.0,simple_theft
1680,D001681,365.0,simple_theft
1681,D001682,365.0,simple_theft
1682,D001683,240.0,simple_theft
1683,D001684,425.0,simple_theft
1684,D001685,425.0,simple_theft
1685,D001686,365.0,simple_theft
1686,D001687,326.0,simple_theft
1687,D001688,240.0,simple_theft
1688,D001689,605.0,simple_theft
1689,D001690,210.0,simple_theft
1690,D001691,485.0,simple_theft
1691,D001692,545.0,simple_theft
1692,D001693,365.0,simple_theft
1693,D001694,582.0,simple_theft
1694,D001695,523.0,simple_theft
1695,D001696,425.0,simple_theft
1696,D001697,573.0,simple_theft
1697,D001698,315.0,simple_theft
1698,D001699,365.0,simple_theft
1699,D001700,240.0,simple_theft
1700,D001701,477.0,simple_theft
1701,D001702,180.0,simple_theft
1702,D001703,485.0,simple_theft
1703,D001704,658.0,simple_theft
1704,D001705,365.0,simple_theft
1705,D001706,207.0,simple_theft
1706,D001707,320.0,simple_theft
1707,D001708,280.0,simple_theft
1708,D001709,240.0,simple_theft
1709,D001710,425.0,simple_theft
1710,D001711,365.0,simple_theft
1711,D001712,380.0,simple_theft
1712,D001713,365.0,simple_theft
1713,D001714,485.0,simple_theft
1714,D001715,545.0,simple_theft
1715,D001716,680.0,simple_theft
1716,D001717,545.0,simple_theft
1717,D001718,365.0,simple_theft
1718,D001719,365.0,simple_theft
1719,D001720,240.0,simple_theft
1720,D001721,140.0,simple_theft
1721,D001722,495.0,simple_theft
1722,D001723,210.0,simple_theft
1723,D001724,495.0,simple_theft
1724,D001725,477.0,simple_theft
1725,D001726,120.0,simple_theft
1726,D001727,495.0,simple_theft
1727,D001728,495.0,simple_theft
1728,D001729,425.0,simple_theft
1729,D001730,485.0,simple_theft
1730,D001731,280.0,simple_theft
1731,D001732,120.0,simple_theft
1732,D001733,495.0,simple_theft
1733,D001734,545.0,simple_theft
1734,D001735,365.0,simple_theft
1735,D001736,425.0,simple_theft
1736,D001737,756.0,simple_theft
1737,D001738,545.0,simple_theft
1738,D001739,120.0,simple_theft
1739,D001740,730.0,simple_theft
1740,D001741,320.0,simple_theft
1741,D001742,365.0,simple_theft
1742,D001743,1295.0,simple_theft
1743,D001744,240.0,simple_theft
1744,D001745,485.0,simple_theft
1745,D001746,565.0,simple_theft
1746,D001747,240.0,simple_theft
1747,D001748,425.0,simple_theft
1748,D001749,240.0,simple_theft
1749,D001750,270.0,simple_theft
1750,D001751,617.0,simple_theft
1751,D001752,140.0,simple_theft
1752,D001753,365.0,simple_theft
1753,D001754,365.0,simple_theft
1754,D001755,730.0,simple_theft
1755,D001756,495.0,simple_theft
1756,D001757,365.0,simple_theft
1757,D001758,477.0,simple_theft
1758,D001759,530.0,simple_theft
1759,D001760,240.0,simple_theft
1760,D001761,565.0,simple_theft
1761,D001762,477.0,simple_theft
1762,D001763,240.0,simple_theft
1763,D001764,425.0,simple_theft
1764,D001765,365.0,simple_theft
1765,D001766,245.0,simple_theft
1766,D001767,365.0,simple_theft
1767,D001768,425.0,simple_theft
1768,D001769,280.0,simple_theft
1769,D001770,225.0,simple_theft
1770,D001771,581.0,simple_theft
1771,D001772,495.0,simple_theft
1772,D001773,495.0,simple_theft
1773,D001774,210.0,simple_theft
1774,D001775,565.0,simple_theft
1775,D001776,378.0,simple_theft
1776,D001777,287.0,simple_theft
1777,D001778,365.0,simple_theft
1778,D001779,495.0,simple_theft
1779,D001780,120.0,simple_theft
1780,D001781,565.0,simple_theft
1781,D001782,495.0,simple_theft
1782,D001783,495.0,simple_theft
1783,D001784,431.0,simple_theft
1784,D001785,605.0,simple_theft
1785,D001786,495.0,simple_theft
1786,D001787,425.0,simple_theft
1787,D001788,545.0,simple_theft
1788,D001789,240.0,simple_theft
1789,D001790,365.0,simple_theft
1790,D001791,565.0,simple_theft
1791,D001792,485.0,simple_theft
1792,D001793,425.0,simple_theft
1793,D001794,70.0,simple_theft
1794,D001795,365.0,simple_theft
1795,D001796,495.0,simple_theft
1796,D001797,425.0,simple_theft
1797,D001798,495.0,simple_theft
1798,D001799,365.0,simple_theft
1799,D001800,210.0,simple_theft
1800,D001801,120.0,simple_theft
1801,D001802,485.0,simple_theft
1802,D001803,365.0,simple_theft
1803,D001804,545.0,simple_theft
1804,D001805,240.0,simple_theft
1805,D001806,495.0,simple_theft
1806,D001807,425.0,simple_theft
1807,D001808,365.0,simple_theft
1808,D001809,658.0,simple_theft
1809,D001810,460.0,simple_theft
1810,D001811,200.0,simple_theft
1811,D001812,437.0,simple_theft
1812,D001813,565.0,simple_theft
1813,D001814,120.0,simple_theft
1814,D001815,581.0,simple_theft
1815,D001816,471.0,simple_theft
1816,D001817,545.0,simple_theft
1817,D001818,565.0,simple_theft
1818,D001819,756.0,simple_theft
1819,D001820,425.0,simple_theft
1820,D001821,140.0,simple_theft
1821,D001822,240.0,simple_theft
1822,D001823,425.0,simple_theft
1823,D001824,365.0,simple_theft
1824,D001825,240.0,simple_theft
1825,D001826,365.0,simple_theft
1826,D001827,779.0,simple_theft
1827,D001828,425.0,simple_theft
1828,D001829,565.0,simple_theft
1829,D001830,240.0,simple_theft
1830,D001831,365.0,simple_theft
1831,D001832,365.0,simple_theft
1832,D001833,365.0,simple_theft
1833,D001834,120.0,simple_theft
1834,D001835,645.0,simple_theft
1835,D001836,437.0,simple_theft
1836,D001837,565.0,simple_theft
1837,D001838,160.0,simple_theft
1838,D001839,160.0,simple_theft
1839,D001840,140.0,simple_theft
1840,D001841,365.0,simple_theft
1841,D001842,210.0,simple_theft
1842,D001843,505.0,simple_theft
1843,D001844,365.0,simple_theft
1844,D001845,365.0,simple_theft
1845,D001846,470.0,simple_theft
1846,D001847,730.0,simple_theft
1847,D001848,365.0,simple_theft
1848,D001849,365.0,simple_theft
1849,D001850,365.0,simple_theft
1850,D001851,425.0,simple_theft
1851,D001852,425.0,simple_theft
1852,D001853,425.0,simple_theft
1853,D001854,627.0,simple_theft
1854,D001855,425.0,simple_theft
1855,D001856,378.0,simple_theft
1856,D001857,455.0,simple_theft
1857,D001858,635.0,simple_theft
1858,D001859,495.0,simple_theft
1859,D001860,565.0,simple_theft
1860,D001861,565.0,simple_theft
1861,D001862,300.0,simple_theft
1862,D001863,485.0,simple_theft
1863,D001864,471.0,simple_theft
1864,D001865,425.0,simple_theft
1865,D001866,425.0,simple_theft
1866,D001867,300.0,simple_theft
1867,D001868,850.0,simple_theft
1868,D001869,425.0,simple_theft
1869,D001870,437.0,simple_theft
1870,D001871,425.0,simple_theft
1871,D001872,440.0,simple_theft
1872,D001873,365.0,simple_theft
1873,D001874,425.0,simple_theft
1874,D001875,850.0,simple_theft
1875,D001876,495.0,simple_theft
1876,D001877,365.0,simple_theft
1877,D001878,730.0,simple_theft
1878,D001879,365.0,simple_theft
1879,D001880,365.0,simple_theft
1880,D001881,565.0,simple_theft
1881,D001882,455.0,simple_theft
1882,D001883,635.0,simple_theft
1883,D001884,365.0,simple_theft
1884,D001885,120.0,simple_theft
1885,D001886,365.0,simple_theft
1886,D001887,970.0,simple_theft
1887,D001888,365.0,simple_theft
1888,D001889,240.0,simple_theft
1889,D001890,365.0,simple_theft
1890,D001891,581.0,simple_theft
1891,D001892,658.0,simple_theft
1892,D001893,567.0,simple_theft
1893,D001894,425.0,simple_theft
1894,D001895,427.0,simple_theft
1895,D001896,365.0,simple_theft
1896,D001897,425.0,simple_theft
1897,D001898,445.0,simple_theft
1898,D001899,658.0,simple_theft
1899,D001900,723.0,simple_theft
1900,D001901,120.0,simple_theft
1901,D001902,378.0,simple_theft
1902,D001903,545.0,simple_theft
1903,D001904,260.0,simple_theft
1904,D001905,495.0,simple_theft
1905,D001906,509.0,simple_theft
1906,D001907,120.0,simple_theft
1907,D001908,365.0,simple_theft
1908,D001909,240.0,simple_theft
1909,D001910,658.0,simple_theft
1910,D001911,240.0,simple_theft
1911,D001912,240.0,simple_theft
1912,D001913,425.0,simple_theft
1913,D001914,455.0,simple_theft
1914,D001915,365.0,simple_theft
1915,D001916,425.0,simple_theft
1916,D001917,425.0,simple_theft
1917,D001918,180.0,simple_theft
1918,D001919,365.0,simple_theft
1919,D001920,850.0,simple_theft
1920,D001921,173.0,simple_theft
1921,D001922,485.0,simple_theft
1922,D001923,530.0,simple_theft
1923,D001924,280.0,simple_theft
1924,D001925,365.0,simple_theft
1925,D001926,635.0,simple_theft
1926,D001927,365.0,simple_theft
1927,D001928,163.0,simple_theft
1928,D001929,576.0,simple_theft
1929,D001930,365.0,simple_theft
1930,D001931,495.0,simple_theft
1931,D001932,240.0,simple_theft
1932,D001933,365.0,simple_theft
1933,D001934,634.0,simple_theft
1934,D001935,545.0,simple_theft
1935,D001936,425.0,simple_theft
1936,D001937,485.0,simple_theft
1937,D001938,626.0,simple_theft
1938,D001939,455.0,simple_theft
1939,D001940,425.0,simple_theft
1940,D001941,365.0,simple_theft
1941,D001942,180.0,simple_theft
